,Exit velo,Launch angle,Hits,BBE,Av dist,AVG,wOBA,1b,2b,3b,HR
0,10,61,0,1,5,0.0,0.0,0,0,0,0
1,15,-75,0,1,0,0.0,0.0,0,0,0,0
2,15,-88,0,1,0,0.0,0.0,0,0,0,0
3,20,67,0,1,17,0.0,0.0,0,0,0,0
4,20,48,0,1,25,0.0,0.0,0,0,0,0
5,20,-35,0,1,3,0.0,0.0,0,0,0,0
6,25,58,0,1,36,0.0,0.0,0,0,0,0
7,25,-4,1,1,6,1.0,0.9,1,0,0,0
8,25,-20,0,1,6,0.0,0.0,0,0,0,0
9,25,-34,0,1,2,0.0,0.0,0,0,0,0
10,25,-59,0,1,1,0.0,0.0,0,0,0,0
11,25,-74,0,1,1,0.0,0.0,0,0,0,0
12,25,-77,0,1,0,0.0,0.0,0,0,0,0
13,30,41,0,1,52,0.0,0.0,0,0,0,0
14,30,36,1,1,61,1.0,0.9,1,0,0,0
15,30,35,0,1,56,0.0,0.0,0,0,0,0
16,30,-13,0,1,8,0.0,0.0,0,0,0,0
17,30,-29,1,1,4,1.0,0.9,1,0,0,0
18,30,-33,1,1,3,1.0,0.9,1,0,0,0
19,30,-38,0,1,2,0.0,0.0,0,0,0,0
20,30,-44,0,1,2,0.0,0.0,0,0,0,0
21,30,-48,1,1,3,1.0,0.9,1,0,0,0
22,30,-64,0,1,1,0.0,0.9,0,0,0,0
23,30,-76,0,1,0,0.0,0.0,0,0,0,0
24,30,-81,0,1,0,0.0,0.0,0,0,0,0
25,35,33,1,1,75,1.0,0.9,1,0,0,0
26,35,28,0,1,66,0.0,0.0,0,0,0,0
27,35,26,0,1,67,0.0,0.0,0,0,0,0
28,35,12,0,1,36,0.0,0.0,0,0,0,0
29,35,5,0,1,30,0.0,0.0,0,0,0,0
30,35,-3,0,1,18,0.0,0.0,0,0,0,0
31,35,-7,0,1,13,0.0,0.0,0,0,0,0
32,35,-10,0,1,12,0.0,0.0,0,0,0,0
33,35,-16,0,1,8,0.0,0.0,0,0,0,0
34,35,-22,1,1,6,1.0,0.9,1,0,0,0
35,35,-31,0,1,4,0.0,0.0,0,0,0,0
36,35,-36,0,1,3,0.0,0.0,0,0,0,0
37,35,-40,0,1,4,0.0,0.0,0,0,0,0
38,35,-44,0,2,3,0.0,0.0,0,0,0,0
39,35,-53,0,1,2,0.0,0.0,0,0,0,0
40,35,-54,0,2,2,0.0,0.45,0,0,0,0
41,35,-55,0,1,2,0.0,0.0,0,0,0,0
42,35,-58,1,1,1,1.0,0.9,1,0,0,0
43,35,-62,0,1,1,0.0,0.0,0,0,0,0
44,35,-63,0,1,1,0.0,0.9,0,0,0,0
45,35,-64,1,1,1,1.0,0.9,1,0,0,0
46,35,-73,1,1,0,1.0,0.9,1,0,0,0
47,35,-74,0,1,1,0.0,0.0,0,0,0,0
48,35,-79,0,1,0,0.0,0.0,0,0,0,0
49,40,76,0,1,36,0.0,0.0,0,0,0,0
50,40,69,0,1,57,0.0,0.0,0,0,0,0
51,40,67,1,1,54,1.0,0.9,1,0,0,0
52,40,48,1,1,88,1.0,0.9,1,0,0,0
53,40,43,0,3,93,0.0,0.0,0,0,0,0
54,40,36,0,1,89,0.0,0.0,0,0,0,0
55,40,30,0,1,93,0.0,0.0,0,0,0,0
56,40,24,1,1,80,1.0,0.9,1,0,0,0
57,40,19,0,1,69,0.0,0.0,0,0,0,0
58,40,18,1,1,64,1.0,0.9,1,0,0,0
59,40,14,0,2,54,0.0,0.0,0,0,0,0
60,40,9,0,1,39,0.0,0.0,0,0,0,0
61,40,6,0,1,36,0.0,0.0,0,0,0,0
62,40,4,0,1,35,0.0,0.0,0,0,0,0
63,40,3,0,1,24,0.0,0.0,0,0,0,0
64,40,2,1,1,20,1.0,0.9,1,0,0,0
65,40,-3,0,1,22,0.0,0.0,0,0,0,0
66,40,-4,0,1,19,0.0,0.9,0,0,0,0
67,40,-7,0,1,15,0.0,0.0,0,0,0,0
68,40,-9,0,1,13,0.0,0.0,0,0,0,0
69,40,-17,1,1,6,1.0,0.9,1,0,0,0
70,40,-20,1,1,6,1.0,1.25,0,1,0,0
71,40,-24,1,2,3,0.5,0.45,1,0,0,0
72,40,-28,0,1,3,0.0,0.0,0,0,0,0
73,40,-29,0,1,2,0.0,0.9,0,0,0,0
74,40,-31,0,1,3,0.0,0.0,0,0,0,0
75,40,-32,0,1,4,0.0,0.0,0,0,0,0
76,40,-33,0,1,4,0.0,0.0,0,0,0,0
77,40,-36,0,1,4,0.0,0.0,0,0,0,0
78,40,-40,0,1,2,0.0,0.0,0,0,0,0
79,40,-41,1,2,3,0.5,0.45,1,0,0,0
80,40,-42,0,2,2,0.0,0.0,0,0,0,0
81,40,-47,0,1,2,0.0,0.0,0,0,0,0
82,40,-53,2,3,1,0.667,0.6,2,0,0,0
83,40,-56,1,2,1,0.5,0.45,1,0,0,0
84,40,-57,1,1,1,1.0,0.9,1,0,0,0
85,40,-58,0,1,1,0.0,0.0,0,0,0,0
86,40,-61,1,1,1,1.0,0.9,1,0,0,0
87,40,-63,0,1,1,0.0,0.0,0,0,0,0
88,40,-66,0,2,1,0.0,0.0,0,0,0,0
89,40,-67,0,1,1,0.0,0.0,0,0,0,0
90,40,-71,0,1,0,0.0,0.0,0,0,0,0
91,40,-76,0,1,0,0.0,0.0,0,0,0,0
92,40,-79,0,1,1,0.0,0.0,0,0,0,0
93,40,-81,1,1,0,1.0,0.9,1,0,0,0
94,40,-85,0,1,0,0.0,0.0,0,0,0,0
95,40,-89,0,1,0,0.0,0.0,0,0,0,0
96,45,75,0,1,43,0.0,0.0,0,0,0,0
97,45,72,0,1,53,0.0,0.0,0,0,0,0
98,45,70,0,1,62,0.0,0.0,0,0,0,0
99,45,68,0,1,69,0.0,0.0,0,0,0,0
100,45,62,0,1,78,0.0,0.0,0,0,0,0
101,45,54,0,2,98,0.0,0.0,0,0,0,0
102,45,52,0,1,109,0.0,0.0,0,0,0,0
103,45,50,0,1,108,0.0,0.0,0,0,0,0
104,45,46,0,1,112,0.0,0.0,0,0,0,0
105,45,42,0,1,105,0.0,0.0,0,0,0,0
106,45,40,0,1,119,0.0,0.0,0,0,0,0
107,45,38,0,1,113,0.0,0.0,0,0,0,0
108,45,37,0,2,116,0.0,0.0,0,0,0,0
109,45,33,0,1,110,0.0,0.0,0,0,0,0
110,45,32,0,1,112,0.0,0.0,0,0,0,0
111,45,31,0,1,112,0.0,0.0,0,0,0,0
112,45,30,0,2,117,0.0,0.45,0,0,0,0
113,45,29,1,3,103,0.333,0.3,1,0,0,0
114,45,28,0,2,93,0.0,0.45,0,0,0,0
115,45,24,0,2,94,0.0,0.0,0,0,0,0
116,45,23,0,2,95,0.0,0.0,0,0,0,0
117,45,21,0,1,87,0.0,0.0,0,0,0,0
118,45,20,0,1,86,0.0,0.0,0,0,0,0
119,45,17,0,1,79,0.0,0.0,0,0,0,0
120,45,14,0,1,67,0.0,0.0,0,0,0,0
121,45,8,0,1,47,0.0,0.0,0,0,0,0
122,45,7,0,2,47,0.0,0.0,0,0,0,0
123,45,1,0,1,25,0.0,0.0,0,0,0,0
124,45,-4,1,1,20,1.0,0.9,1,0,0,0
125,45,-7,0,2,14,0.0,0.0,0,0,0,0
126,45,-9,0,1,12,0.0,0.0,0,0,0,0
127,45,-11,0,1,10,0.0,0.0,0,0,0,0
128,45,-12,0,2,12,0.0,0.0,0,0,0,0
129,45,-14,0,1,9,0.0,0.0,0,0,0,0
130,45,-15,0,1,5,0.0,0.0,0,0,0,0
131,45,-17,0,1,8,0.0,0.0,0,0,0,0
132,45,-18,0,1,9,0.0,0.0,0,0,0,0
133,45,-19,0,1,9,0.0,0.0,0,0,0,0
134,45,-20,1,3,7,0.333,0.3,1,0,0,0
135,45,-21,2,2,5,1.0,0.9,2,0,0,0
136,45,-24,0,1,4,0.0,0.0,0,0,0,0
137,45,-25,0,1,6,0.0,0.0,0,0,0,0
138,45,-26,0,2,3,0.0,0.0,0,0,0,0
139,45,-29,0,1,3,0.0,0.0,0,0,0,0
140,45,-33,0,2,4,0.0,0.45,0,0,0,0
141,45,-34,0,1,4,0.0,0.0,0,0,0,0
142,45,-38,0,1,2,0.0,0.0,0,0,0,0
143,45,-39,1,2,3,0.5,0.45,1,0,0,0
144,45,-41,1,1,2,1.0,0.9,1,0,0,0
145,45,-42,0,1,3,0.0,0.0,0,0,0,0
146,45,-44,0,1,3,0.0,0.0,0,0,0,0
147,45,-45,0,1,2,0.0,0.0,0,0,0,0
148,45,-47,0,1,2,0.0,0.0,0,0,0,0
149,45,-48,0,1,2,0.0,0.0,0,0,0,0
150,45,-49,0,1,2,0.0,0.0,0,0,0,0
151,45,-50,0,2,3,0.0,0.0,0,0,0,0
152,45,-54,3,3,1,1.0,0.9,3,0,0,0
153,45,-56,0,2,1,0.0,0.0,0,0,0,0
154,45,-57,0,1,1,0.0,0.0,0,0,0,0
155,45,-58,1,1,1,1.0,0.9,1,0,0,0
156,45,-59,1,2,1,0.5,0.45,1,0,0,0
157,45,-66,0,1,1,0.0,0.0,0,0,0,0
158,45,-67,2,2,1,1.0,0.9,2,0,0,0
159,45,-70,0,2,1,0.0,0.0,0,0,0,0
160,45,-71,1,1,1,1.0,0.9,1,0,0,0
161,45,-73,0,1,0,0.0,0.0,0,0,0,0
162,45,-74,0,1,1,0.0,0.0,0,0,0,0
163,45,-76,1,2,1,0.5,0.45,1,0,0,0
164,45,-84,0,1,0,0.0,0.0,0,0,0,0
165,45,-85,1,1,0,1.0,0.9,1,0,0,0
166,45,-86,0,1,0,0.0,0.0,0,0,0,0
167,50,82,0,1,44,0.0,0.0,0,0,0,0
168,50,80,0,1,35,0.0,0.0,0,0,0,0
169,50,77,0,1,42,0.0,0.0,0,0,0,0
170,50,73,0,2,63,0.0,0.0,0,0,0,0
171,50,70,0,1,66,0.0,0.0,0,0,0,0
172,50,67,0,1,78,0.0,0.0,0,0,0,0
173,50,66,0,1,82,0.0,0.0,0,0,0,0
174,50,65,0,1,87,0.0,0.0,0,0,0,0
175,50,62,0,1,104,0.0,0.0,0,0,0,0
176,50,60,0,1,97,0.0,0.0,0,0,0,0
177,50,59,0,1,98,0.0,0.0,0,0,0,0
178,50,58,0,1,107,0.0,0.0,0,0,0,0
179,50,55,0,2,110,0.0,0.0,0,0,0,0
180,50,54,0,1,114,0.0,0.0,0,0,0,0
181,50,53,0,1,119,0.0,0.0,0,0,0,0
182,50,50,0,2,126,0.0,0.0,0,0,0,0
183,50,48,0,1,125,0.0,0.0,0,0,0,0
184,50,46,0,2,133,0.0,0.0,0,0,0,0
185,50,45,0,1,130,0.0,0.0,0,0,0,0
186,50,41,1,2,134,0.5,0.45,1,0,0,0
187,50,39,0,1,143,0.0,0.0,0,0,0,0
188,50,38,0,2,139,0.0,0.0,0,0,0,0
189,50,37,0,1,125,0.0,0.0,0,0,0,0
190,50,36,0,1,141,0.0,0.0,0,0,0,0
191,50,35,0,1,131,0.0,0.0,0,0,0,0
192,50,33,0,1,137,0.0,0.0,0,0,0,0
193,50,30,0,1,138,0.0,0.0,0,0,0,0
194,50,29,0,1,117,0.0,0.0,0,0,0,0
195,50,27,0,1,127,0.0,0.0,0,0,0,0
196,50,26,0,1,119,0.0,0.0,0,0,0,0
197,50,25,1,2,121,0.5,0.45,1,0,0,0
198,50,24,0,2,119,0.0,0.0,0,0,0,0
199,50,20,1,2,106,0.5,0.45,1,0,0,0
200,50,19,0,1,102,0.0,0.0,0,0,0,0
201,50,17,0,2,99,0.0,0.0,0,0,0,0
202,50,16,0,2,93,0.0,0.0,0,0,0,0
203,50,15,0,3,82,0.0,0.0,0,0,0,0
204,50,14,0,1,78,0.0,0.0,0,0,0,0
205,50,13,0,1,75,0.0,0.9,0,0,0,0
206,50,11,0,1,66,0.0,0.0,0,0,0,0
207,50,10,0,1,64,0.0,0.0,0,0,0,0
208,50,7,0,1,47,0.0,0.0,0,0,0,0
209,50,5,1,2,47,0.5,0.45,1,0,0,0
210,50,4,0,1,39,0.0,0.0,0,0,0,0
211,50,2,0,1,40,0.0,0.0,0,0,0,0
212,50,-1,0,1,27,0.0,0.0,0,0,0,0
213,50,-2,0,1,20,0.0,0.0,0,0,0,0
214,50,-4,0,1,20,0.0,0.9,0,0,0,0
215,50,-5,0,1,14,0.0,0.0,0,0,0,0
216,50,-6,0,1,19,0.0,0.0,0,0,0,0
217,50,-7,0,1,13,0.0,0.0,0,0,0,0
218,50,-9,0,1,13,0.0,0.0,0,0,0,0
219,50,-11,0,1,13,0.0,0.0,0,0,0,0
220,50,-13,1,1,13,1.0,0.9,1,0,0,0
221,50,-14,0,2,9,0.0,0.0,0,0,0,0
222,50,-15,0,2,8,0.0,0.0,0,0,0,0
223,50,-16,0,1,9,0.0,0.0,0,0,0,0
224,50,-17,0,3,6,0.0,0.0,0,0,0,0
225,50,-18,0,2,6,0.0,0.0,0,0,0,0
226,50,-20,0,1,5,0.0,0.0,0,0,0,0
227,50,-21,0,3,5,0.0,0.0,0,0,0,0
228,50,-23,1,3,4,0.333,0.3,1,0,0,0
229,50,-24,0,2,3,0.0,0.0,0,0,0,0
230,50,-25,0,2,5,0.0,0.0,0,0,0,0
231,50,-27,0,2,5,0.0,0.45,0,0,0,0
232,50,-29,0,1,2,0.0,0.0,0,0,0,0
233,50,-30,0,1,4,0.0,0.0,0,0,0,0
234,50,-31,1,3,4,0.333,0.3,1,0,0,0
235,50,-32,1,1,4,1.0,0.9,1,0,0,0
236,50,-33,1,2,4,0.5,0.45,1,0,0,0
237,50,-34,0,1,3,0.0,0.0,0,0,0,0
238,50,-35,1,3,2,0.333,0.3,1,0,0,0
239,50,-36,0,2,3,0.0,0.0,0,0,0,0
240,50,-37,0,1,25,0.0,0.0,0,0,0,0
241,50,-38,1,2,3,0.5,0.45,1,0,0,0
242,50,-39,0,1,2,0.0,0.0,0,0,0,0
243,50,-40,0,2,2,0.0,0.0,0,0,0,0
244,50,-41,1,1,2,1.0,0.9,1,0,0,0
245,50,-42,1,2,3,0.5,0.45,1,0,0,0
246,50,-44,0,3,2,0.0,0.0,0,0,0,0
247,50,-45,0,1,3,0.0,0.0,0,0,0,0
248,50,-47,0,1,3,0.0,0.0,0,0,0,0
249,50,-48,0,1,2,0.0,0.0,0,0,0,0
250,50,-49,1,3,2,0.333,0.3,1,0,0,0
251,50,-50,1,3,2,0.333,0.3,1,0,0,0
252,50,-51,0,2,2,0.0,0.0,0,0,0,0
253,50,-52,0,2,2,0.0,0.0,0,0,0,0
254,50,-53,0,1,2,0.0,0.0,0,0,0,0
255,50,-54,0,2,2,0.0,0.0,0,0,0,0
256,50,-55,0,2,1,0.0,0.0,0,0,0,0
257,50,-56,0,2,2,0.0,0.0,0,0,0,0
258,50,-57,0,3,1,0.0,0.3,0,0,0,0
259,50,-58,1,2,1,0.5,0.45,1,0,0,0
260,50,-61,1,1,1,1.0,0.9,1,0,0,0
261,50,-62,1,2,1,0.5,0.45,1,0,0,0
262,50,-63,0,2,1,0.0,0.0,0,0,0,0
263,50,-64,0,2,1,0.0,0.0,0,0,0,0
264,50,-66,0,2,1,0.0,0.0,0,0,0,0
265,50,-68,0,4,1,0.0,0.0,0,0,0,0
266,50,-70,0,1,1,0.0,0.0,0,0,0,0
267,50,-71,0,2,1,0.0,0.0,0,0,0,0
268,50,-72,0,3,1,0.0,0.0,0,0,0,0
269,50,-73,1,2,1,0.5,0.45,1,0,0,0
270,50,-74,0,2,1,0.0,0.0,0,0,0,0
271,50,-76,1,4,1,0.25,0.225,1,0,0,0
272,50,-77,0,1,1,0.0,0.0,0,0,0,0
273,50,-79,0,1,0,0.0,0.0,0,0,0,0
274,50,-80,0,1,1,0.0,0.0,0,0,0,0
275,50,-81,0,1,0,0.0,0.0,0,0,0,0
276,50,-83,0,2,0,0.0,0.0,0,0,0,0
277,50,-84,0,1,0,0.0,0.0,0,0,0,0
278,50,-86,0,1,0,0.0,0.0,0,0,0,0
279,55,86,0,1,42,0.0,0.0,0,0,0,0
280,55,83,0,1,21,0.0,0.0,0,0,0,0
281,55,81,0,3,44,0.0,0.0,0,0,0,0
282,55,80,0,3,52,0.0,0.0,0,0,0,0
283,55,77,0,1,58,0.0,0.0,0,0,0,0
284,55,76,0,1,65,0.0,0.0,0,0,0,0
285,55,71,0,2,71,0.0,0.0,0,0,0,0
286,55,70,0,1,74,0.0,0.0,0,0,0,0
287,55,69,0,1,83,0.0,0.0,0,0,0,0
288,55,68,0,1,95,0.0,0.0,0,0,0,0
289,55,66,0,1,94,0.0,0.0,0,0,0,0
290,55,64,0,1,97,0.0,0.0,0,0,0,0
291,55,63,0,1,117,0.0,0.0,0,0,0,0
292,55,62,0,1,104,0.0,0.0,0,0,0,0
293,55,61,0,1,109,0.0,0.0,0,0,0,0
294,55,60,0,4,114,0.0,0.0,0,0,0,0
295,55,59,0,3,124,0.0,0.0,0,0,0,0
296,55,58,0,1,121,0.0,0.0,0,0,0,0
297,55,57,0,4,120,0.0,0.0,0,0,0,0
298,55,56,0,1,126,0.0,0.0,0,0,0,0
299,55,54,0,2,133,0.0,0.0,0,0,0,0
300,55,53,0,1,140,0.0,0.0,0,0,0,0
301,55,51,0,1,137,0.0,0.0,0,0,0,0
302,55,50,0,1,137,0.0,0.0,0,0,0,0
303,55,49,0,1,146,0.0,0.0,0,0,0,0
304,55,48,0,1,150,0.0,0.0,0,0,0,0
305,55,47,0,1,145,0.0,0.0,0,0,0,0
306,55,46,0,2,151,0.0,0.0,0,0,0,0
307,55,45,0,2,158,0.0,0.0,0,0,0,0
308,55,44,0,2,152,0.0,0.0,0,0,0,0
309,55,41,1,4,154,0.25,0.225,1,0,0,0
310,55,40,0,1,155,0.0,0.0,0,0,0,0
311,55,39,1,1,147,1.0,1.25,0,1,0,0
312,55,38,0,1,160,0.0,0.0,0,0,0,0
313,55,37,1,4,152,0.25,0.225,1,0,0,0
314,55,36,0,1,166,0.0,0.0,0,0,0,0
315,55,35,0,3,158,0.0,0.0,0,0,0,0
316,55,34,2,4,158,0.5,0.538,1,1,0,0
317,55,33,1,4,160,0.25,0.225,1,0,0,0
318,55,30,0,2,153,0.0,0.0,0,0,0,0
319,55,29,0,1,162,0.0,0.0,0,0,0,0
320,55,28,1,3,148,0.333,0.3,1,0,0,0
321,55,27,1,3,145,0.333,0.3,1,0,0,0
322,55,26,0,1,149,0.0,0.0,0,0,0,0
323,55,25,0,1,136,0.0,0.0,0,0,0,0
324,55,24,0,3,142,0.0,0.0,0,0,0,0
325,55,23,0,2,131,0.0,0.0,0,0,0,0
326,55,22,2,6,135,0.333,0.3,2,0,0,0
327,55,21,1,3,132,0.333,0.3,1,0,0,0
328,55,20,0,5,127,0.0,0.0,0,0,0,0
329,55,19,0,3,121,0.0,0.0,0,0,0,0
330,55,18,0,2,110,0.0,0.0,0,0,0,0
331,55,17,0,1,107,0.0,0.0,0,0,0,0
332,55,16,1,6,105,0.167,0.208,0,1,0,0
333,55,15,0,2,102,0.0,0.0,0,0,0,0
334,55,14,0,1,90,0.0,0.0,0,0,0,0
335,55,13,0,3,85,0.0,0.0,0,0,0,0
336,55,12,0,1,69,0.0,0.0,0,0,0,0
337,55,11,0,3,74,0.0,0.0,0,0,0,0
338,55,10,0,1,78,0.0,0.0,0,0,0,0
339,55,9,0,1,75,0.0,0.0,0,0,0,0
340,55,8,0,5,66,0.0,0.0,0,0,0,0
341,55,7,0,2,64,0.0,0.0,0,0,0,0
342,55,6,0,3,56,0.0,0.0,0,0,0,0
343,55,4,0,1,45,0.0,0.0,0,0,0,0
344,55,3,0,3,41,0.0,0.0,0,0,0,0
345,55,2,0,4,38,0.0,0.0,0,0,0,0
346,55,0,0,1,31,0.0,0.0,0,0,0,0
347,55,-3,2,4,22,0.5,0.625,0,2,0,0
348,55,-4,1,5,19,0.2,0.25,0,1,0,0
349,55,-5,0,1,20,0.0,0.0,0,0,0,0
350,55,-6,0,1,16,0.0,0.0,0,0,0,0
351,55,-7,0,2,18,0.0,0.0,0,0,0,0
352,55,-8,0,1,9,0.0,0.0,0,0,0,0
353,55,-9,0,1,11,0.0,0.0,0,0,0,0
354,55,-10,0,1,9,0.0,0.0,0,0,0,0
355,55,-11,0,2,9,0.0,0.0,0,0,0,0
356,55,-12,0,4,11,0.0,0.0,0,0,0,0
357,55,-13,1,6,8,0.167,0.15,1,0,0,0
358,55,-14,0,1,8,0.0,0.0,0,0,0,0
359,55,-15,0,1,6,0.0,0.0,0,0,0,0
360,55,-17,0,3,10,0.0,0.3,0,0,0,0
361,55,-18,0,2,5,0.0,0.0,0,0,0,0
362,55,-19,1,1,7,1.0,0.9,1,0,0,0
363,55,-20,0,4,7,0.0,0.0,0,0,0,0
364,55,-21,0,3,4,0.0,0.0,0,0,0,0
365,55,-22,1,3,5,0.333,0.3,1,0,0,0
366,55,-25,1,3,5,0.333,0.3,1,0,0,0
367,55,-26,0,1,6,0.0,0.0,0,0,0,0
368,55,-27,0,3,6,0.0,0.0,0,0,0,0
369,55,-29,0,2,3,0.0,0.0,0,0,0,0
370,55,-30,0,3,3,0.0,0.0,0,0,0,0
371,55,-32,0,1,5,0.0,0.0,0,0,0,0
372,55,-33,0,4,3,0.0,0.0,0,0,0,0
373,55,-34,0,2,3,0.0,0.0,0,0,0,0
374,55,-35,0,1,3,0.0,0.0,0,0,0,0
375,55,-36,1,2,3,0.5,0.9,1,0,0,0
376,55,-38,0,2,3,0.0,0.0,0,0,0,0
377,55,-39,0,3,3,0.0,0.0,0,0,0,0
378,55,-40,0,4,4,0.0,0.0,0,0,0,0
379,55,-41,0,5,2,0.0,0.0,0,0,0,0
380,55,-42,1,2,2,0.5,0.45,1,0,0,0
381,55,-43,0,1,2,0.0,0.0,0,0,0,0
382,55,-44,1,3,2,0.333,0.3,1,0,0,0
383,55,-45,2,4,2,0.5,0.45,2,0,0,0
384,55,-46,0,5,2,0.0,0.0,0,0,0,0
385,55,-47,0,2,3,0.0,0.0,0,0,0,0
386,55,-48,2,3,2,0.667,0.6,2,0,0,0
387,55,-49,1,2,2,0.5,0.45,1,0,0,0
388,55,-50,0,2,3,0.0,0.0,0,0,0,0
389,55,-51,0,5,1,0.0,0.0,0,0,0,0
390,55,-52,1,6,2,0.167,0.15,1,0,0,0
391,55,-53,0,3,2,0.0,0.0,0,0,0,0
392,55,-54,1,4,1,0.25,0.45,1,0,0,0
393,55,-55,1,3,1,0.333,0.3,1,0,0,0
394,55,-56,0,2,2,0.0,0.0,0,0,0,0
395,55,-57,1,2,2,0.5,0.45,1,0,0,0
396,55,-58,1,4,1,0.25,0.225,1,0,0,0
397,55,-59,1,3,2,0.333,0.3,1,0,0,0
398,55,-60,2,4,1,0.5,0.45,2,0,0,0
399,55,-61,0,3,1,0.0,0.3,0,0,0,0
400,55,-62,0,5,1,0.0,0.0,0,0,0,0
401,55,-63,2,3,1,0.667,0.6,2,0,0,0
402,55,-64,1,8,1,0.125,0.113,1,0,0,0
403,55,-65,0,2,1,0.0,0.0,0,0,0,0
404,55,-66,0,1,1,0.0,0.0,0,0,0,0
405,55,-67,2,5,1,0.4,0.36,2,0,0,0
406,55,-68,0,3,1,0.0,0.0,0,0,0,0
407,55,-69,0,3,1,0.0,0.0,0,0,0,0
408,55,-70,0,1,1,0.0,0.0,0,0,0,0
409,55,-72,0,3,1,0.0,0.0,0,0,0,0
410,55,-73,0,4,1,0.0,0.0,0,0,0,0
411,55,-74,1,2,1,0.5,0.45,1,0,0,0
412,55,-75,0,1,1,0.0,0.0,0,0,0,0
413,55,-76,0,2,1,0.0,0.0,0,0,0,0
414,55,-78,0,3,0,0.0,0.0,0,0,0,0
415,55,-79,1,3,0,0.333,0.3,1,0,0,0
416,55,-81,0,1,0,0.0,0.0,0,0,0,0
417,55,-83,0,3,0,0.0,0.3,0,0,0,0
418,55,-84,0,1,0,0.0,0.0,0,0,0,0
419,55,-85,0,1,0,0.0,0.0,0,0,0,0
420,60,87,0,1,17,0.0,0.0,0,0,0,0
421,60,84,0,1,38,0.0,0.0,0,0,0,0
422,60,83,0,2,34,0.0,0.0,0,0,0,0
423,60,82,0,2,52,0.0,0.0,0,0,0,0
424,60,81,0,2,28,0.0,0.0,0,0,0,0
425,60,80,0,1,67,0.0,0.0,0,0,0,0
426,60,79,0,2,47,0.0,0.0,0,0,0,0
427,60,78,0,2,54,0.0,0.0,0,0,0,0
428,60,77,0,1,66,0.0,0.0,0,0,0,0
429,60,75,0,2,60,0.0,0.0,0,0,0,0
430,60,74,0,1,80,0.0,0.0,0,0,0,0
431,60,73,0,4,80,0.0,0.0,0,0,0,0
432,60,72,0,3,84,0.0,0.0,0,0,0,0
433,60,71,0,6,87,0.0,0.0,0,0,0,0
434,60,70,0,4,92,0.0,0.0,0,0,0,0
435,60,69,0,1,83,0.0,0.0,0,0,0,0
436,60,68,0,2,101,0.0,0.0,0,0,0,0
437,60,67,0,2,100,0.0,0.0,0,0,0,0
438,60,66,0,3,107,0.0,0.0,0,0,0,0
439,60,65,0,3,113,0.0,0.0,0,0,0,0
440,60,64,0,3,107,0.0,0.0,0,0,0,0
441,60,63,0,1,122,0.0,0.0,0,0,0,0
442,60,62,0,3,114,0.0,0.0,0,0,0,0
443,60,61,0,2,122,0.0,0.0,0,0,0,0
444,60,60,0,2,122,0.0,0.0,0,0,0,0
445,60,59,0,4,134,0.0,0.0,0,0,0,0
446,60,58,0,1,135,0.0,0.0,0,0,0,0
447,60,57,0,3,141,0.0,0.0,0,0,0,0
448,60,56,0,2,144,0.0,0.0,0,0,0,0
449,60,55,0,2,151,0.0,0.0,0,0,0,0
450,60,54,0,4,150,0.0,0.0,0,0,0,0
451,60,53,0,2,153,0.0,0.0,0,0,0,0
452,60,52,0,1,158,0.0,0.0,0,0,0,0
453,60,51,0,2,156,0.0,0.0,0,0,0,0
454,60,50,0,2,163,0.0,0.0,0,0,0,0
455,60,49,0,5,163,0.0,0.0,0,0,0,0
456,60,48,0,3,168,0.0,0.0,0,0,0,0
457,60,47,0,2,168,0.0,0.0,0,0,0,0
458,60,46,2,4,165,0.5,0.45,2,0,0,0
459,60,44,0,4,174,0.0,0.0,0,0,0,0
460,60,42,0,2,174,0.0,0.0,0,0,0,0
461,60,41,1,2,164,0.5,0.45,1,0,0,0
462,60,40,1,3,177,0.333,0.3,1,0,0,0
463,60,39,0,1,197,0.0,0.0,0,0,0,0
464,60,38,1,4,178,0.25,0.225,1,0,0,0
465,60,37,0,3,181,0.0,0.0,0,0,0,0
466,60,36,0,2,174,0.0,0.0,0,0,0,0
467,60,35,1,7,185,0.143,0.129,1,0,0,0
468,60,34,0,1,187,0.0,0.0,0,0,0,0
469,60,33,0,2,173,0.0,0.0,0,0,0,0
470,60,32,1,2,177,0.5,0.45,1,0,0,0
471,60,31,2,3,180,0.667,0.717,1,1,0,0
472,60,30,0,1,178,0.0,0.0,0,0,0,0
473,60,29,1,2,180,0.5,0.45,1,0,0,0
474,60,28,1,3,176,0.333,0.3,1,0,0,0
475,60,27,1,1,156,1.0,0.9,1,0,0,0
476,60,26,2,2,169,1.0,1.075,1,1,0,0
477,60,25,2,5,159,0.4,0.36,2,0,0,0
478,60,24,1,4,159,0.25,0.225,1,0,0,0
479,60,23,0,1,163,0.0,0.0,0,0,0,0
480,60,22,0,3,163,0.0,0.0,0,0,0,0
481,60,21,2,4,150,0.5,0.45,2,0,0,0
482,60,20,0,2,137,0.0,0.0,0,0,0,0
483,60,19,1,1,149,1.0,0.9,1,0,0,0
484,60,18,1,3,129,0.333,0.417,0,1,0,0
485,60,17,1,4,127,0.25,0.225,1,0,0,0
486,60,16,0,3,117,0.0,0.0,0,0,0,0
487,60,15,0,2,112,0.0,0.0,0,0,0,0
488,60,14,3,5,110,0.6,0.61,2,1,0,0
489,60,13,0,3,108,0.0,0.0,0,0,0,0
490,60,12,1,7,100,0.143,0.129,1,0,0,0
491,60,11,0,2,96,0.0,0.0,0,0,0,0
492,60,9,0,1,79,0.0,0.0,0,0,0,0
493,60,8,1,3,72,0.333,0.3,1,0,0,0
494,60,7,0,3,69,0.0,0.0,0,0,0,0
495,60,6,1,2,56,0.5,0.45,1,0,0,0
496,60,5,0,4,55,0.0,0.0,0,0,0,0
497,60,4,0,2,54,0.0,0.0,0,0,0,0
498,60,3,1,4,43,0.25,0.225,1,0,0,0
499,60,1,1,4,39,0.25,0.225,1,0,0,0
500,60,0,0,2,32,0.0,0.0,0,0,0,0
501,60,-1,0,4,24,0.0,0.0,0,0,0,0
502,60,-2,0,3,26,0.0,0.0,0,0,0,0
503,60,-3,1,1,27,1.0,0.9,1,0,0,0
504,60,-4,1,4,19,0.25,0.225,1,0,0,0
505,60,-5,0,4,19,0.0,0.0,0,0,0,0
506,60,-6,1,6,14,0.167,0.15,1,0,0,0
507,60,-7,0,1,16,0.0,0.0,0,0,0,0
508,60,-8,1,4,16,0.25,0.225,1,0,0,0
509,60,-9,0,4,12,0.0,0.0,0,0,0,0
510,60,-10,0,2,14,0.0,0.0,0,0,0,0
511,60,-11,0,1,10,0.0,0.0,0,0,0,0
512,60,-12,0,4,8,0.0,0.0,0,0,0,0
513,60,-13,1,3,8,0.333,0.3,1,0,0,0
514,60,-14,1,6,7,0.167,0.3,1,0,0,0
515,60,-15,0,3,10,0.0,0.0,0,0,0,0
516,60,-16,0,3,9,0.0,0.0,0,0,0,0
517,60,-17,0,2,7,0.0,0.0,0,0,0,0
518,60,-18,0,1,7,0.0,0.0,0,0,0,0
519,60,-19,0,10,7,0.0,0.0,0,0,0,0
520,60,-20,0,6,7,0.0,0.0,0,0,0,0
521,60,-21,0,3,7,0.0,0.0,0,0,0,0
522,60,-22,1,6,6,0.167,0.15,1,0,0,0
523,60,-23,0,8,5,0.0,0.225,0,0,0,0
524,60,-24,1,8,5,0.125,0.156,0,1,0,0
525,60,-25,0,1,5,0.0,0.0,0,0,0,0
526,60,-26,0,6,4,0.0,0.0,0,0,0,0
527,60,-27,0,5,4,0.0,0.0,0,0,0,0
528,60,-28,0,2,4,0.0,0.0,0,0,0,0
529,60,-29,0,3,4,0.0,0.0,0,0,0,0
530,60,-30,0,2,3,0.0,0.45,0,0,0,0
531,60,-31,0,4,3,0.0,0.0,0,0,0,0
532,60,-32,0,2,4,0.0,0.0,0,0,0,0
533,60,-33,0,7,3,0.0,0.0,0,0,0,0
534,60,-34,1,2,4,0.5,0.625,0,1,0,0
535,60,-35,1,5,2,0.2,0.18,1,0,0,0
536,60,-36,1,5,3,0.2,0.18,1,0,0,0
537,60,-37,1,4,3,0.25,0.225,1,0,0,0
538,60,-38,0,1,2,0.0,0.0,0,0,0,0
539,60,-39,1,6,2,0.167,0.15,1,0,0,0
540,60,-40,1,2,3,0.5,0.45,1,0,0,0
541,60,-41,2,8,3,0.25,0.225,2,0,0,0
542,60,-42,0,9,3,0.0,0.0,0,0,0,0
543,60,-43,3,9,2,0.333,0.3,3,0,0,0
544,60,-44,0,2,3,0.0,0.0,0,0,0,0
545,60,-45,2,3,2,0.667,0.6,2,0,0,0
546,60,-46,2,10,2,0.2,0.18,2,0,0,0
547,60,-47,2,8,2,0.25,0.225,2,0,0,0
548,60,-48,1,5,2,0.2,0.18,1,0,0,0
549,60,-49,1,3,2,0.333,0.3,1,0,0,0
550,60,-50,0,3,2,0.0,0.0,0,0,0,0
551,60,-51,1,2,2,0.5,0.45,1,0,0,0
552,60,-52,0,8,2,0.0,0.0,0,0,0,0
553,60,-53,3,8,1,0.375,0.338,3,0,0,0
554,60,-54,0,6,2,0.0,0.0,0,0,0,0
555,60,-55,0,4,1,0.0,0.0,0,0,0,0
556,60,-56,4,6,1,0.667,0.6,4,0,0,0
557,60,-57,0,6,2,0.0,0.15,0,0,0,0
558,60,-58,2,6,1,0.333,0.3,2,0,0,0
559,60,-60,1,3,1,0.333,0.3,1,0,0,0
560,60,-61,0,1,2,0.0,0.0,0,0,0,0
561,60,-62,0,1,1,0.0,0.0,0,0,0,0
562,60,-63,1,4,1,0.25,0.225,1,0,0,0
563,60,-64,0,3,1,0.0,0.0,0,0,0,0
564,60,-65,0,1,1,0.0,0.0,0,0,0,0
565,60,-66,2,4,1,0.5,0.45,2,0,0,0
566,60,-67,0,3,1,0.0,0.0,0,0,0,0
567,60,-68,0,3,1,0.0,0.0,0,0,0,0
568,60,-69,0,2,1,0.0,0.0,0,0,0,0
569,60,-70,0,2,1,0.0,0.0,0,0,0,0
570,60,-71,0,2,1,0.0,0.0,0,0,0,0
571,60,-72,0,3,1,0.0,0.0,0,0,0,0
572,60,-73,0,1,1,0.0,0.0,0,0,0,0
573,60,-74,1,3,1,0.333,0.3,1,0,0,0
574,60,-75,2,3,1,0.667,0.6,2,0,0,0
575,60,-76,0,1,0,0.0,0.0,0,0,0,0
576,60,-78,0,1,0,0.0,0.0,0,0,0,0
577,60,-82,0,1,0,0.0,0.0,0,0,0,0
578,60,-83,0,1,0,0.0,0.0,0,0,0,0
579,60,-85,0,2,0,0.0,0.0,0,0,0,0
580,65,85,0,2,31,0.0,0.0,0,0,0,0
581,65,84,0,2,36,0.0,0.0,0,0,0,0
582,65,82,0,4,35,0.0,0.0,0,0,0,0
583,65,81,0,5,34,0.0,0.0,0,0,0,0
584,65,80,0,1,66,0.0,0.0,0,0,0,0
585,65,79,0,5,61,0.0,0.0,0,0,0,0
586,65,78,0,1,71,0.0,0.0,0,0,0,0
587,65,77,0,3,78,0.0,0.0,0,0,0,0
588,65,76,0,3,68,0.0,0.0,0,0,0,0
589,65,75,0,3,64,0.0,0.0,0,0,0,0
590,65,74,0,3,75,0.0,0.0,0,0,0,0
591,65,73,0,4,76,0.0,0.0,0,0,0,0
592,65,72,0,2,98,0.0,0.0,0,0,0,0
593,65,71,0,1,82,0.0,0.0,0,0,0,0
594,65,70,0,3,95,0.0,0.0,0,0,0,0
595,65,69,0,2,96,0.0,0.0,0,0,0,0
596,65,68,0,5,103,0.0,0.0,0,0,0,0
597,65,67,0,11,107,0.0,0.0,0,0,0,0
598,65,66,0,2,111,0.0,0.0,0,0,0,0
599,65,65,0,5,120,0.0,0.0,0,0,0,0
600,65,64,0,4,122,0.0,0.0,0,0,0,0
601,65,63,0,5,126,0.0,0.0,0,0,0,0
602,65,62,0,2,135,0.0,0.0,0,0,0,0
603,65,61,0,2,126,0.0,0.0,0,0,0,0
604,65,60,0,4,139,0.0,0.0,0,0,0,0
605,65,59,0,4,144,0.0,0.0,0,0,0,0
606,65,58,0,6,150,0.0,0.0,0,0,0,0
607,65,57,0,5,152,0.0,0.0,0,0,0,0
608,65,56,0,2,158,0.0,0.0,0,0,0,0
609,65,55,0,2,164,0.0,0.0,0,0,0,0
610,65,54,0,4,171,0.0,0.0,0,0,0,0
611,65,53,0,3,170,0.0,0.0,0,0,0,0
612,65,52,0,1,171,0.0,0.0,0,0,0,0
613,65,51,0,2,186,0.0,0.0,0,0,0,0
614,65,50,1,5,173,0.2,0.18,1,0,0,0
615,65,49,1,3,192,0.333,0.3,1,0,0,0
616,65,48,2,5,184,0.4,0.36,2,0,0,0
617,65,47,1,3,192,0.333,0.417,0,1,0,0
618,65,46,0,5,186,0.0,0.0,0,0,0,0
619,65,45,1,4,185,0.25,0.225,1,0,0,0
620,65,44,0,5,191,0.0,0.0,0,0,0,0
621,65,43,1,4,204,0.25,0.225,1,0,0,0
622,65,42,2,4,198,0.5,0.538,1,1,0,0
623,65,41,3,7,193,0.429,0.386,3,0,0,0
624,65,40,2,3,197,0.667,0.6,2,0,0,0
625,65,39,1,4,205,0.25,0.225,1,0,0,0
626,65,38,5,6,204,0.833,0.75,5,0,0,0
627,65,37,6,6,202,1.0,1.017,4,2,0,0
628,65,36,5,8,204,0.625,0.606,4,1,0,0
629,65,35,5,7,205,0.714,0.693,4,1,0,0
630,65,34,5,6,207,0.833,0.808,4,1,0,0
631,65,33,7,7,201,1.0,0.95,6,1,0,0
632,65,32,7,8,210,0.875,0.788,7,0,0,0
633,65,31,7,7,205,1.0,0.9,7,0,0,0
634,65,30,7,7,206,1.0,0.9,7,0,0,0
635,65,29,5,5,209,1.0,0.97,4,1,0,0
636,65,28,5,5,199,1.0,0.9,5,0,0,0
637,65,27,6,7,196,0.857,0.771,6,0,0,0
638,65,26,5,7,187,0.714,0.643,5,0,0,0
639,65,25,5,5,187,1.0,0.9,5,0,0,0
640,65,24,7,8,186,0.875,0.788,7,0,0,0
641,65,23,7,8,183,0.875,0.788,7,0,0,0
642,65,22,2,5,177,0.4,0.36,2,0,0,0
643,65,21,6,6,174,1.0,0.9,6,0,0,0
644,65,20,2,7,172,0.286,0.257,2,0,0,0
645,65,19,5,7,151,0.714,0.743,3,2,0,0
646,65,18,2,5,154,0.4,0.36,2,0,0,0
647,65,17,2,5,146,0.4,0.43,1,1,0,0
648,65,16,0,2,137,0.0,0.0,0,0,0,0
649,65,15,4,10,133,0.4,0.395,3,1,0,0
650,65,14,1,5,122,0.2,0.18,1,0,0,0
651,65,13,1,6,120,0.167,0.208,0,1,0,0
652,65,12,0,6,115,0.0,0.0,0,0,0,0
653,65,11,0,2,104,0.0,0.0,0,0,0,0
654,65,10,2,8,99,0.25,0.225,2,0,0,0
655,65,9,2,8,86,0.25,0.225,2,0,0,0
656,65,8,2,5,80,0.4,0.36,2,0,0,0
657,65,7,3,11,74,0.273,0.277,2,1,0,0
658,65,6,1,5,67,0.2,0.36,1,0,0,0
659,65,5,1,7,62,0.143,0.129,1,0,0,0
660,65,4,4,10,54,0.4,0.36,4,0,0,0
661,65,3,0,9,49,0.0,0.0,0,0,0,0
662,65,2,1,9,42,0.111,0.1,1,0,0,0
663,65,1,2,6,37,0.333,0.358,1,1,0,0
664,65,0,0,5,33,0.0,0.18,0,0,0,0
665,65,-1,0,9,29,0.0,0.0,0,0,0,0
666,65,-2,1,5,25,0.2,0.18,1,0,0,0
667,65,-3,1,8,20,0.125,0.113,1,0,0,0
668,65,-4,0,9,20,0.0,0.0,0,0,0,0
669,65,-5,1,7,18,0.143,0.129,1,0,0,0
670,65,-6,0,4,15,0.0,0.0,0,0,0,0
671,65,-7,0,3,16,0.0,0.0,0,0,0,0
672,65,-9,1,8,11,0.125,0.225,1,0,0,0
673,65,-10,0,6,11,0.0,0.0,0,0,0,0
674,65,-11,0,12,11,0.0,0.0,0,0,0,0
675,65,-12,1,12,9,0.083,0.075,1,0,0,0
676,65,-13,0,9,9,0.0,0.1,0,0,0,0
677,65,-14,0,3,9,0.0,0.0,0,0,0,0
678,65,-15,0,8,7,0.0,0.113,0,0,0,0
679,65,-16,0,12,7,0.0,0.0,0,0,0,0
680,65,-17,0,2,6,0.0,0.0,0,0,0,0
681,65,-18,0,8,6,0.0,0.0,0,0,0,0
682,65,-19,0,5,6,0.0,0.0,0,0,0,0
683,65,-20,1,10,6,0.1,0.09,1,0,0,0
684,65,-21,0,10,5,0.0,0.0,0,0,0,0
685,65,-22,0,3,5,0.0,0.0,0,0,0,0
686,65,-23,0,9,5,0.0,0.0,0,0,0,0
687,65,-24,0,7,5,0.0,0.0,0,0,0,0
688,65,-25,0,7,5,0.0,0.0,0,0,0,0
689,65,-26,3,6,5,0.5,0.45,3,0,0,0
690,65,-27,0,9,4,0.0,0.1,0,0,0,0
691,65,-28,1,11,4,0.091,0.164,1,0,0,0
692,65,-29,0,2,4,0.0,0.0,0,0,0,0
693,65,-30,1,10,3,0.1,0.09,1,0,0,0
694,65,-31,2,10,3,0.2,0.27,2,0,0,0
695,65,-32,0,6,3,0.0,0.0,0,0,0,0
696,65,-33,0,4,3,0.0,0.0,0,0,0,0
697,65,-34,1,12,3,0.083,0.075,1,0,0,0
698,65,-35,0,7,3,0.0,0.0,0,0,0,0
699,65,-36,0,7,2,0.0,0.0,0,0,0,0
700,65,-37,1,7,3,0.143,0.129,1,0,0,0
701,65,-38,1,7,3,0.143,0.129,1,0,0,0
702,65,-39,2,8,3,0.25,0.225,2,0,0,0
703,65,-40,0,6,3,0.0,0.15,0,0,0,0
704,65,-41,0,5,2,0.0,0.0,0,0,0,0
705,65,-42,1,8,2,0.125,0.113,1,0,0,0
706,65,-43,1,8,2,0.125,0.113,1,0,0,0
707,65,-44,2,2,2,1.0,0.9,2,0,0,0
708,65,-45,2,6,2,0.333,0.3,2,0,0,0
709,65,-46,0,3,3,0.0,0.0,0,0,0,0
710,65,-47,3,5,2,0.6,0.54,3,0,0,0
711,65,-48,1,3,2,0.333,0.3,1,0,0,0
712,65,-49,0,2,3,0.0,0.0,0,0,0,0
713,65,-50,0,4,2,0.0,0.0,0,0,0,0
714,65,-51,0,2,2,0.0,0.0,0,0,0,0
715,65,-52,1,4,2,0.25,0.225,1,0,0,0
716,65,-53,3,8,2,0.375,0.338,3,0,0,0
717,65,-54,1,6,2,0.167,0.15,1,0,0,0
718,65,-55,3,7,2,0.429,0.386,3,0,0,0
719,65,-56,2,6,2,0.333,0.45,2,0,0,0
720,65,-57,0,1,2,0.0,0.0,0,0,0,0
721,65,-58,1,4,2,0.25,0.45,1,0,0,0
722,65,-59,2,4,1,0.5,0.45,2,0,0,0
723,65,-60,1,3,1,0.333,0.3,1,0,0,0
724,65,-61,1,4,1,0.25,0.45,1,0,0,0
725,65,-62,0,3,1,0.0,0.0,0,0,0,0
726,65,-63,0,2,1,0.0,0.0,0,0,0,0
727,65,-64,1,3,1,0.333,0.3,1,0,0,0
728,65,-65,1,4,1,0.25,0.225,1,0,0,0
729,65,-66,0,2,1,0.0,0.0,0,0,0,0
730,65,-67,1,4,1,0.25,0.225,1,0,0,0
731,65,-68,0,1,1,0.0,0.0,0,0,0,0
732,65,-71,1,2,1,0.5,0.45,1,0,0,0
733,65,-72,0,1,0,0.0,0.0,0,0,0,0
734,65,-74,0,1,1,0.0,0.0,0,0,0,0
735,65,-75,1,2,0,0.5,0.45,1,0,0,0
736,65,-77,0,1,0,0.0,0.0,0,0,0,0
737,65,-78,0,1,0,0.0,0.0,0,0,0,0
738,70,89,0,2,29,0.0,0.0,0,0,0,0
739,70,86,0,3,42,0.0,0.0,0,0,0,0
740,70,84,0,4,37,0.0,0.0,0,0,0,0
741,70,83,0,2,55,0.0,0.0,0,0,0,0
742,70,82,0,7,42,0.0,0.0,0,0,0,0
743,70,81,0,1,47,0.0,0.0,0,0,0,0
744,70,80,0,3,47,0.0,0.0,0,0,0,0
745,70,79,0,10,45,0.0,0.0,0,0,0,0
746,70,78,0,5,65,0.0,0.0,0,0,0,0
747,70,77,0,2,49,0.0,0.0,0,0,0,0
748,70,76,0,5,62,0.0,0.0,0,0,0,0
749,70,75,0,6,69,0.0,0.0,0,0,0,0
750,70,74,0,5,72,0.0,0.0,0,0,0,0
751,70,73,0,6,84,0.0,0.0,0,0,0,0
752,70,72,0,3,93,0.0,0.0,0,0,0,0
753,70,71,0,9,94,0.0,0.0,0,0,0,0
754,70,70,0,4,111,0.0,0.0,0,0,0,0
755,70,69,0,6,109,0.0,0.0,0,0,0,0
756,70,68,0,3,114,0.0,0.0,0,0,0,0
757,70,67,0,8,130,0.0,0.0,0,0,0,0
758,70,66,0,8,133,0.0,0.0,0,0,0,0
759,70,65,0,9,125,0.0,0.0,0,0,0,0
760,70,64,0,7,140,0.0,0.0,0,0,0,0
761,70,63,0,10,138,0.0,0.0,0,0,0,0
762,70,62,0,5,143,0.0,0.0,0,0,0,0
763,70,61,0,3,149,0.0,0.0,0,0,0,0
764,70,60,0,8,156,0.0,0.0,0,0,0,0
765,70,59,1,4,161,0.25,0.225,1,0,0,0
766,70,58,0,7,166,0.0,0.0,0,0,0,0
767,70,57,0,9,172,0.0,0.0,0,0,0,0
768,70,56,1,5,175,0.2,0.18,1,0,0,0
769,70,55,0,1,182,0.0,0.0,0,0,0,0
770,70,54,1,7,189,0.143,0.179,0,1,0,0
771,70,53,1,3,188,0.333,0.417,0,1,0,0
772,70,52,0,7,188,0.0,0.0,0,0,0,0
773,70,51,0,6,191,0.0,0.0,0,0,0,0
774,70,50,2,5,191,0.4,0.36,2,0,0,0
775,70,49,2,6,201,0.333,0.3,2,0,0,0
776,70,48,1,7,203,0.143,0.179,0,1,0,0
777,70,47,2,7,211,0.286,0.307,1,1,0,0
778,70,46,1,6,205,0.167,0.15,1,0,0,0
779,70,45,3,6,218,0.5,0.508,2,1,0,0
780,70,44,2,7,210,0.286,0.257,2,0,0,0
781,70,43,5,13,215,0.385,0.4,3,2,0,0
782,70,42,3,6,215,0.5,0.508,2,1,0,0
783,70,41,6,12,219,0.5,0.508,4,2,0,0
784,70,40,7,13,231,0.538,0.485,7,0,0,0
785,70,39,4,7,224,0.571,0.514,4,0,0,0
786,70,38,1,1,216,1.0,1.25,0,1,0,0
787,70,37,7,7,226,1.0,0.9,7,0,0,0
788,70,36,6,7,232,0.857,0.771,6,0,0,0
789,70,35,5,6,228,0.833,0.75,5,0,0,0
790,70,34,12,13,232,0.923,0.858,11,1,0,0
791,70,33,5,7,229,0.714,0.693,4,1,0,0
792,70,32,9,10,234,0.9,0.81,9,0,0,0
793,70,31,4,4,226,1.0,0.9,4,0,0,0
794,70,30,9,13,235,0.692,0.623,9,0,0,0
795,70,29,6,6,228,1.0,0.9,6,0,0,0
796,70,28,13,14,229,0.929,0.836,13,0,0,0
797,70,27,8,9,221,0.889,0.839,7,1,0,0
798,70,26,12,12,222,1.0,0.929,11,1,0,0
799,70,25,16,16,216,1.0,0.922,15,1,0,0
800,70,24,14,14,210,1.0,0.9,14,0,0,0
801,70,23,13,13,206,1.0,0.9,13,0,0,0
802,70,22,10,10,204,1.0,0.9,10,0,0,0
803,70,21,8,8,195,1.0,0.9,8,0,0,0
804,70,20,7,7,192,1.0,0.9,7,0,0,0
805,70,19,7,11,174,0.636,0.573,7,0,0,0
806,70,18,10,15,168,0.667,0.623,9,1,0,0
807,70,17,8,13,161,0.615,0.581,7,1,0,0
808,70,16,10,15,156,0.667,0.623,9,1,0,0
809,70,15,4,12,147,0.333,0.329,3,1,0,0
810,70,14,8,14,145,0.571,0.579,8,0,0,0
811,70,13,3,12,130,0.25,0.283,1,2,0,0
812,70,12,3,13,127,0.231,0.304,2,1,0,0
813,70,11,2,12,113,0.167,0.15,2,0,0,0
814,70,10,3,11,101,0.273,0.327,3,0,0,0
815,70,9,0,10,95,0.0,0.0,0,0,0,0
816,70,8,1,12,91,0.083,0.225,1,0,0,0
817,70,7,2,8,76,0.25,0.225,2,0,0,0
818,70,6,1,16,72,0.063,0.056,1,0,0,0
819,70,5,0,5,64,0.0,0.18,0,0,0,0
820,70,4,0,9,58,0.0,0.0,0,0,0,0
821,70,3,2,14,50,0.143,0.129,2,0,0,0
822,70,2,1,13,43,0.077,0.096,0,1,0,0
823,70,1,1,16,40,0.063,0.056,1,0,0,0
824,70,0,0,11,33,0.0,0.0,0,0,0,0
825,70,-1,1,6,26,0.167,0.15,1,0,0,0
826,70,-2,2,16,26,0.125,0.113,2,0,0,0
827,70,-3,1,16,25,0.063,0.056,1,0,0,0
828,70,-4,2,16,19,0.125,0.113,2,0,0,0
829,70,-5,0,14,17,0.0,0.0,0,0,0,0
830,70,-6,1,18,16,0.056,0.1,1,0,0,0
831,70,-7,0,13,13,0.0,0.069,0,0,0,0
832,70,-8,1,15,13,0.067,0.12,1,0,0,0
833,70,-9,1,14,12,0.071,0.129,1,0,0,0
834,70,-10,0,14,12,0.0,0.193,0,0,0,0
835,70,-11,0,13,10,0.0,0.0,0,0,0,0
836,70,-12,1,22,10,0.045,0.164,1,0,0,0
837,70,-13,0,7,9,0.0,0.0,0,0,0,0
838,70,-14,0,8,7,0.0,0.0,0,0,0,0
839,70,-15,1,20,7,0.05,0.045,1,0,0,0
840,70,-16,0,10,8,0.0,0.0,0,0,0,0
841,70,-17,1,9,7,0.111,0.1,1,0,0,0
842,70,-18,1,13,6,0.077,0.069,1,0,0,0
843,70,-19,0,10,6,0.0,0.0,0,0,0,0
844,70,-20,1,12,6,0.083,0.075,1,0,0,0
845,70,-21,1,9,6,0.111,0.1,1,0,0,0
846,70,-22,0,6,6,0.0,0.0,0,0,0,0
847,70,-23,0,9,5,0.0,0.0,0,0,0,0
848,70,-24,0,6,4,0.0,0.0,0,0,0,0
849,70,-25,0,8,5,0.0,0.225,0,0,0,0
850,70,-26,0,4,4,0.0,0.0,0,0,0,0
851,70,-27,1,7,4,0.143,0.129,1,0,0,0
852,70,-28,0,8,3,0.0,0.113,0,0,0,0
853,70,-29,0,8,4,0.0,0.0,0,0,0,0
854,70,-30,0,6,4,0.0,0.0,0,0,0,0
855,70,-31,1,7,3,0.143,0.129,1,0,0,0
856,70,-32,0,10,3,0.0,0.09,0,0,0,0
857,70,-33,0,5,3,0.0,0.0,0,0,0,0
858,70,-34,1,8,3,0.125,0.113,1,0,0,0
859,70,-35,0,1,3,0.0,0.0,0,0,0,0
860,70,-36,1,7,3,0.143,0.129,1,0,0,0
861,70,-37,0,9,2,0.0,0.0,0,0,0,0
862,70,-38,1,4,3,0.25,0.225,1,0,0,0
863,70,-39,0,11,3,0.0,0.0,0,0,0,0
864,70,-40,1,7,3,0.143,0.129,1,0,0,0
865,70,-41,0,1,3,0.0,0.0,0,0,0,0
866,70,-42,2,7,2,0.286,0.257,2,0,0,0
867,70,-43,0,6,2,0.0,0.0,0,0,0,0
868,70,-44,0,6,2,0.0,0.0,0,0,0,0
869,70,-45,1,5,2,0.2,0.18,1,0,0,0
870,70,-46,0,10,2,0.0,0.09,0,0,0,0
871,70,-47,3,5,2,0.6,0.54,3,0,0,0
872,70,-48,1,7,2,0.143,0.257,1,0,0,0
873,70,-49,0,6,2,0.0,0.0,0,0,0,0
874,70,-50,2,5,2,0.4,0.36,2,0,0,0
875,70,-51,1,4,2,0.25,0.225,1,0,0,0
876,70,-52,1,8,2,0.125,0.113,1,0,0,0
877,70,-53,2,4,2,0.5,0.45,2,0,0,0
878,70,-54,2,7,2,0.286,0.257,2,0,0,0
879,70,-55,2,3,1,0.667,0.6,2,0,0,0
880,70,-56,1,1,2,1.0,0.9,1,0,0,0
881,70,-57,1,5,1,0.2,0.18,1,0,0,0
882,70,-58,0,2,1,0.0,0.0,0,0,0,0
883,70,-59,0,2,2,0.0,0.0,0,0,0,0
884,70,-60,0,4,1,0.0,0.0,0,0,0,0
885,70,-61,0,2,1,0.0,0.0,0,0,0,0
886,70,-63,0,1,1,0.0,0.0,0,0,0,0
887,70,-64,0,1,1,0.0,0.0,0,0,0,0
888,70,-65,0,1,1,0.0,0.0,0,0,0,0
889,70,-66,1,2,1,0.5,0.45,1,0,0,0
890,70,-68,1,1,1,1.0,0.9,1,0,0,0
891,70,-69,0,1,1,0.0,0.0,0,0,0,0
892,70,-72,1,2,1,0.5,0.45,1,0,0,0
893,70,-73,1,1,1,1.0,0.9,1,0,0,0
894,70,-74,0,1,1,0.0,0.0,0,0,0,0
895,70,-77,0,1,0,0.0,0.0,0,0,0,0
896,70,-80,1,1,0,1.0,0.9,1,0,0,0
897,75,88,0,2,45,0.0,0.0,0,0,0,0
898,75,87,0,4,36,0.0,0.0,0,0,0,0
899,75,86,0,2,50,0.0,0.0,0,0,0,0
900,75,85,0,2,22,0.0,0.0,0,0,0,0
901,75,84,0,5,35,0.0,0.0,0,0,0,0
902,75,83,0,2,10,0.0,0.0,0,0,0,0
903,75,82,0,3,31,0.0,0.0,0,0,0,0
904,75,81,0,6,40,0.0,0.0,0,0,0,0
905,75,80,0,8,46,0.0,0.0,0,0,0,0
906,75,79,0,6,57,0.0,0.0,0,0,0,0
907,75,78,1,5,54,0.2,0.18,1,0,0,0
908,75,77,0,8,66,0.0,0.0,0,0,0,0
909,75,76,0,6,64,0.0,0.0,0,0,0,0
910,75,75,0,7,74,0.0,0.0,0,0,0,0
911,75,74,0,5,101,0.0,0.0,0,0,0,0
912,75,73,0,9,92,0.0,0.0,0,0,0,0
913,75,72,0,3,98,0.0,0.0,0,0,0,0
914,75,71,0,10,100,0.0,0.0,0,0,0,0
915,75,70,0,9,109,0.0,0.0,0,0,0,0
916,75,69,0,8,109,0.0,0.0,0,0,0,0
917,75,68,0,8,122,0.0,0.0,0,0,0,0
918,75,67,0,6,133,0.0,0.0,0,0,0,0
919,75,66,0,12,134,0.0,0.0,0,0,0,0
920,75,65,0,8,137,0.0,0.0,0,0,0,0
921,75,64,0,3,136,0.0,0.0,0,0,0,0
922,75,63,0,8,150,0.0,0.0,0,0,0,0
923,75,62,0,10,156,0.0,0.0,0,0,0,0
924,75,61,0,13,157,0.0,0.0,0,0,0,0
925,75,60,0,7,158,0.0,0.129,0,0,0,0
926,75,59,0,9,176,0.0,0.0,0,0,0,0
927,75,58,0,10,176,0.0,0.0,0,0,0,0
928,75,57,0,9,174,0.0,0.0,0,0,0,0
929,75,56,0,8,186,0.0,0.0,0,0,0,0
930,75,55,2,8,194,0.25,0.225,2,0,0,0
931,75,54,1,9,205,0.111,0.2,1,0,0,0
932,75,53,1,11,204,0.091,0.082,1,0,0,0
933,75,52,0,8,202,0.0,0.0,0,0,0,0
934,75,51,1,13,210,0.077,0.096,0,1,0,0
935,75,50,1,9,211,0.111,0.1,1,0,0,0
936,75,49,1,8,216,0.125,0.156,0,1,0,0
937,75,48,1,7,234,0.143,0.129,1,0,0,0
938,75,47,2,8,224,0.25,0.269,1,1,0,0
939,75,46,2,5,227,0.4,0.43,1,1,0,0
940,75,45,3,7,232,0.429,0.386,3,0,0,0
941,75,44,1,7,236,0.143,0.129,1,0,0,0
942,75,43,4,10,227,0.4,0.395,3,1,0,0
943,75,42,1,16,243,0.063,0.056,1,0,0,0
944,75,41,4,20,243,0.2,0.18,4,0,0,0
945,75,40,2,12,247,0.167,0.15,2,0,0,0
946,75,39,2,16,248,0.125,0.134,1,1,0,0
947,75,38,3,14,253,0.214,0.193,3,0,0,0
948,75,37,0,7,259,0.0,0.0,0,0,0,0
949,75,36,1,14,252,0.071,0.064,1,0,0,0
950,75,35,3,14,261,0.214,0.193,3,0,0,0
951,75,34,1,16,260,0.063,0.056,1,0,0,0
952,75,33,5,20,258,0.25,0.26,3,2,0,0
953,75,32,1,16,259,0.063,0.056,1,0,0,0
954,75,31,5,24,258,0.208,0.188,5,0,0,0
955,75,30,11,29,254,0.379,0.353,10,1,0,0
956,75,29,12,20,255,0.6,0.645,8,2,2,0
957,75,28,6,14,254,0.429,0.386,6,0,0,0
958,75,27,8,16,251,0.5,0.472,7,1,0,0
959,75,26,12,16,246,0.75,0.675,12,0,0,0
960,75,25,11,15,245,0.733,0.683,10,1,0,0
961,75,24,15,16,239,0.938,0.866,14,1,0,0
962,75,23,16,17,232,0.941,0.868,15,1,0,0
963,75,22,17,18,226,0.944,0.85,17,0,0,0
964,75,21,13,13,221,1.0,0.927,12,1,0,0
965,75,20,11,11,213,1.0,0.9,11,0,0,0
966,75,19,20,20,202,1.0,0.918,19,1,0,0
967,75,18,21,22,196,0.955,0.923,17,4,0,0
968,75,17,23,24,190,0.958,0.906,20,3,0,0
969,75,16,17,21,179,0.81,0.729,17,0,0,0
970,75,15,11,13,173,0.846,0.762,11,0,0,0
971,75,14,2,10,152,0.2,0.18,2,0,0,0
972,75,13,8,18,146,0.444,0.4,8,0,0,0
973,75,12,7,19,140,0.368,0.35,6,1,0,0
974,75,11,2,17,128,0.118,0.106,2,0,0,0
975,75,10,7,20,116,0.35,0.315,7,0,0,0
976,75,9,7,20,109,0.35,0.333,6,1,0,0
977,75,8,9,21,98,0.429,0.402,8,1,0,0
978,75,7,3,25,86,0.12,0.108,3,0,0,0
979,75,6,3,16,78,0.188,0.191,2,1,0,0
980,75,5,3,22,69,0.136,0.123,3,0,0,0
981,75,4,2,17,61,0.118,0.159,2,0,0,0
982,75,3,5,17,54,0.294,0.265,5,0,0,0
983,75,2,1,16,46,0.063,0.213,0,0,1,0
984,75,1,1,14,43,0.071,0.129,1,0,0,0
985,75,0,5,21,37,0.238,0.214,5,0,0,0
986,75,-1,6,30,32,0.2,0.192,5,1,0,0
987,75,-2,4,28,26,0.143,0.161,4,0,0,0
988,75,-3,4,20,24,0.2,0.18,4,0,0,0
989,75,-4,2,15,19,0.133,0.12,2,0,0,0
990,75,-5,0,16,20,0.0,0.0,0,0,0,0
991,75,-6,3,16,19,0.188,0.225,3,0,0,0
992,75,-7,2,14,14,0.143,0.257,2,0,0,0
993,75,-8,1,12,13,0.083,0.15,1,0,0,0
994,75,-9,3,19,10,0.158,0.161,2,1,0,0
995,75,-10,1,12,12,0.083,0.075,1,0,0,0
996,75,-11,1,17,10,0.059,0.053,1,0,0,0
997,75,-12,0,17,9,0.0,0.053,0,0,0,0
998,75,-13,0,11,9,0.0,0.0,0,0,0,0
999,75,-14,2,17,8,0.118,0.126,1,1,0,0
1000,75,-15,0,15,8,0.0,0.0,0,0,0,0
1001,75,-16,0,10,7,0.0,0.0,0,0,0,0
1002,75,-17,2,14,7,0.143,0.129,2,0,0,0
1003,75,-18,0,10,5,0.0,0.09,0,0,0,0
1004,75,-19,1,20,6,0.05,0.045,1,0,0,0
1005,75,-20,0,11,6,0.0,0.164,0,0,0,0
1006,75,-21,1,9,5,0.111,0.1,1,0,0,0
1007,75,-22,0,12,6,0.0,0.0,0,0,0,0
1008,75,-23,0,15,6,0.0,0.0,0,0,0,0
1009,75,-24,0,10,5,0.0,0.0,0,0,0,0
1010,75,-25,0,16,4,0.0,0.0,0,0,0,0
1011,75,-26,0,6,5,0.0,0.0,0,0,0,0
1012,75,-27,1,7,5,0.143,0.129,1,0,0,0
1013,75,-28,0,6,4,0.0,0.0,0,0,0,0
1014,75,-29,0,7,3,0.0,0.0,0,0,0,0
1015,75,-30,0,12,5,0.0,0.0,0,0,0,0
1016,75,-31,0,10,4,0.0,0.0,0,0,0,0
1017,75,-32,0,8,4,0.0,0.0,0,0,0,0
1018,75,-33,0,8,4,0.0,0.113,0,0,0,0
1019,75,-34,0,9,3,0.0,0.0,0,0,0,0
1020,75,-35,0,15,3,0.0,0.0,0,0,0,0
1021,75,-36,0,9,3,0.0,0.1,0,0,0,0
1022,75,-37,0,7,2,0.0,0.0,0,0,0,0
1023,75,-38,2,10,3,0.2,0.36,2,0,0,0
1024,75,-39,0,4,3,0.0,0.0,0,0,0,0
1025,75,-40,0,8,3,0.0,0.0,0,0,0,0
1026,75,-41,1,7,2,0.143,0.257,1,0,0,0
1027,75,-42,1,12,3,0.083,0.15,1,0,0,0
1028,75,-43,2,6,3,0.333,0.3,2,0,0,0
1029,75,-44,4,11,2,0.364,0.327,4,0,0,0
1030,75,-45,1,9,2,0.111,0.2,1,0,0,0
1031,75,-46,1,4,2,0.25,0.225,1,0,0,0
1032,75,-47,1,6,2,0.167,0.15,1,0,0,0
1033,75,-48,2,4,2,0.5,0.45,2,0,0,0
1034,75,-49,1,3,2,0.333,0.6,1,0,0,0
1035,75,-50,1,5,1,0.2,0.18,1,0,0,0
1036,75,-51,2,3,2,0.667,0.6,2,0,0,0
1037,75,-52,2,6,2,0.333,0.3,2,0,0,0
1038,75,-53,1,2,2,0.5,0.45,1,0,0,0
1039,75,-54,1,4,2,0.25,0.225,1,0,0,0
1040,75,-55,0,1,2,0.0,0.0,0,0,0,0
1041,75,-56,2,3,1,0.667,0.6,2,0,0,0
1042,75,-57,1,3,2,0.333,0.3,1,0,0,0
1043,75,-58,0,3,1,0.0,0.0,0,0,0,0
1044,75,-59,0,2,2,0.0,0.0,0,0,0,0
1045,75,-60,1,2,2,0.5,0.45,1,0,0,0
1046,75,-64,1,7,1,0.143,0.129,1,0,0,0
1047,75,-65,3,4,1,0.75,0.675,3,0,0,0
1048,75,-66,1,1,1,1.0,0.9,1,0,0,0
1049,75,-71,1,1,0,1.0,0.9,1,0,0,0
1050,75,-73,1,1,1,1.0,0.9,1,0,0,0
1051,75,-74,0,1,1,0.0,0.0,0,0,0,0
1052,80,88,0,1,75,0.0,0.0,0,0,0,0
1053,80,86,0,2,48,0.0,0.0,0,0,0,0
1054,80,85,0,6,32,0.0,0.0,0,0,0,0
1055,80,84,0,6,28,0.0,0.0,0,0,0,0
1056,80,83,0,5,43,0.0,0.0,0,0,0,0
1057,80,82,0,4,31,0.0,0.0,0,0,0,0
1058,80,81,0,4,41,0.0,0.0,0,0,0,0
1059,80,80,0,10,50,0.0,0.0,0,0,0,0
1060,80,79,0,8,55,0.0,0.0,0,0,0,0
1061,80,78,0,7,59,0.0,0.0,0,0,0,0
1062,80,77,0,9,59,0.0,0.0,0,0,0,0
1063,80,76,0,3,78,0.0,0.0,0,0,0,0
1064,80,75,0,9,87,0.0,0.0,0,0,0,0
1065,80,74,0,7,95,0.0,0.0,0,0,0,0
1066,80,73,0,8,89,0.0,0.0,0,0,0,0
1067,80,72,0,16,106,0.0,0.0,0,0,0,0
1068,80,71,0,14,99,0.0,0.0,0,0,0,0
1069,80,70,0,12,107,0.0,0.0,0,0,0,0
1070,80,69,0,15,128,0.0,0.0,0,0,0,0
1071,80,68,0,6,136,0.0,0.0,0,0,0,0
1072,80,67,0,15,129,0.0,0.0,0,0,0,0
1073,80,66,0,9,130,0.0,0.0,0,0,0,0
1074,80,65,0,16,141,0.0,0.0,0,0,0,0
1075,80,64,0,10,159,0.0,0.0,0,0,0,0
1076,80,63,0,15,159,0.0,0.0,0,0,0,0
1077,80,62,1,19,169,0.053,0.066,0,1,0,0
1078,80,61,0,5,169,0.0,0.0,0,0,0,0
1079,80,60,0,16,179,0.0,0.056,0,0,0,0
1080,80,59,0,8,179,0.0,0.0,0,0,0,0
1081,80,58,0,6,188,0.0,0.0,0,0,0,0
1082,80,57,1,9,195,0.111,0.1,1,0,0,0
1083,80,56,0,9,205,0.0,0.0,0,0,0,0
1084,80,55,0,17,205,0.0,0.0,0,0,0,0
1085,80,54,0,17,208,0.0,0.053,0,0,0,0
1086,80,53,0,9,218,0.0,0.0,0,0,0,0
1087,80,52,1,15,225,0.067,0.06,1,0,0,0
1088,80,51,2,18,227,0.111,0.119,1,1,0,0
1089,80,50,0,15,230,0.0,0.0,0,0,0,0
1090,80,49,1,18,232,0.056,0.05,1,0,0,0
1091,80,48,1,14,242,0.071,0.089,0,1,0,0
1092,80,47,0,10,245,0.0,0.0,0,0,0,0
1093,80,46,0,11,249,0.0,0.0,0,0,0,0
1094,80,45,0,21,251,0.0,0.0,0,0,0,0
1095,80,44,1,15,252,0.067,0.083,0,1,0,0
1096,80,43,0,13,253,0.0,0.0,0,0,0,0
1097,80,42,1,14,256,0.071,0.064,1,0,0,0
1098,80,41,0,22,268,0.0,0.0,0,0,0,0
1099,80,40,0,17,267,0.0,0.0,0,0,0,0
1100,80,39,0,20,270,0.0,0.0,0,0,0,0
1101,80,38,0,21,275,0.0,0.0,0,0,0,0
1102,80,37,0,24,275,0.0,0.0,0,0,0,0
1103,80,36,0,13,280,0.0,0.0,0,0,0,0
1104,80,35,1,18,285,0.056,0.069,0,1,0,0
1105,80,34,0,19,283,0.0,0.0,0,0,0,0
1106,80,33,0,22,277,0.0,0.0,0,0,0,0
1107,80,32,0,16,285,0.0,0.0,0,0,0,0
1108,80,31,1,22,283,0.045,0.057,0,1,0,0
1109,80,30,0,17,283,0.0,0.0,0,0,0,0
1110,80,29,1,16,280,0.063,0.078,0,1,0,0
1111,80,28,2,22,270,0.091,0.114,0,2,0,0
1112,80,27,5,27,276,0.185,0.206,2,3,0,0
1113,80,26,5,23,272,0.217,0.226,3,2,0,0
1114,80,25,9,29,264,0.31,0.316,6,3,0,0
1115,80,24,21,33,259,0.636,0.605,18,3,0,0
1116,80,23,23,34,257,0.676,0.65,19,4,0,0
1117,80,22,23,30,252,0.767,0.713,21,2,0,0
1118,80,21,24,28,240,0.857,0.834,20,3,1,0
1119,80,20,17,20,234,0.85,0.8,15,2,0,0
1120,80,19,28,29,230,0.966,0.893,26,2,0,0
1121,80,18,19,19,220,1.0,0.937,17,2,0,0
1122,80,17,18,18,205,1.0,0.939,16,2,0,0
1123,80,16,20,21,192,0.952,0.89,18,2,0,0
1124,80,15,32,35,187,0.914,0.853,29,3,0,0
1125,80,14,10,15,172,0.667,0.647,8,2,0,0
1126,80,13,11,20,166,0.55,0.495,11,0,0,0
1127,80,12,11,25,156,0.44,0.396,11,0,0,0
1128,80,11,10,16,142,0.625,0.606,8,2,0,0
1129,80,10,6,19,135,0.316,0.284,6,0,0,0
1130,80,9,15,28,125,0.536,0.507,13,2,0,0
1131,80,8,8,24,107,0.333,0.329,6,2,0,0
1132,80,7,6,26,96,0.231,0.221,5,1,0,0
1133,80,6,8,28,90,0.286,0.314,6,2,0,0
1134,80,5,7,31,78,0.226,0.302,6,1,0,0
1135,80,4,5,25,68,0.2,0.23,4,1,0,0
1136,80,3,7,27,58,0.259,0.246,6,1,0,0
1137,80,2,5,24,50,0.208,0.188,5,0,0,0
1138,80,1,3,24,44,0.125,0.188,3,0,0,0
1139,80,0,4,27,39,0.148,0.146,3,1,0,0
1140,80,-1,3,20,34,0.15,0.18,3,0,0,0
1141,80,-2,4,24,29,0.167,0.165,3,1,0,0
1142,80,-3,2,23,25,0.087,0.078,2,0,0,0
1143,80,-4,1,16,22,0.063,0.056,1,0,0,0
1144,80,-5,1,13,18,0.077,0.096,0,1,0,0
1145,80,-6,2,14,15,0.143,0.257,2,0,0,0
1146,80,-7,1,15,14,0.067,0.06,1,0,0,0
1147,80,-8,3,21,15,0.143,0.214,3,0,0,0
1148,80,-9,0,17,13,0.0,0.106,0,0,0,0
1149,80,-10,0,16,11,0.0,0.056,0,0,0,0
1150,80,-11,0,8,11,0.0,0.0,0,0,0,0
1151,80,-12,1,14,10,0.071,0.257,1,0,0,0
1152,80,-13,1,20,9,0.05,0.09,1,0,0,0
1153,80,-14,1,18,9,0.056,0.05,1,0,0,0
1154,80,-15,0,18,8,0.0,0.1,0,0,0,0
1155,80,-16,1,22,8,0.045,0.082,1,0,0,0
1156,80,-17,2,11,6,0.182,0.164,2,0,0,0
1157,80,-18,1,19,7,0.053,0.095,1,0,0,0
1158,80,-19,1,12,7,0.083,0.075,1,0,0,0
1159,80,-20,2,16,6,0.125,0.113,2,0,0,0
1160,80,-21,1,13,5,0.077,0.069,1,0,0,0
1161,80,-22,0,15,5,0.0,0.0,0,0,0,0
1162,80,-23,1,9,5,0.111,0.1,1,0,0,0
1163,80,-24,2,13,5,0.154,0.208,2,0,0,0
1164,80,-25,0,14,5,0.0,0.129,0,0,0,0
1165,80,-26,0,8,4,0.0,0.0,0,0,0,0
1166,80,-27,0,9,4,0.0,0.1,0,0,0,0
1167,80,-28,1,18,4,0.056,0.05,1,0,0,0
1168,80,-29,0,13,4,0.0,0.069,0,0,0,0
1169,80,-30,0,5,3,0.0,0.0,0,0,0,0
1170,80,-31,2,12,3,0.167,0.15,2,0,0,0
1171,80,-32,0,11,3,0.0,0.0,0,0,0,0
1172,80,-33,1,9,3,0.111,0.1,1,0,0,0
1173,80,-34,0,3,4,0.0,0.0,0,0,0,0
1174,80,-35,0,7,3,0.0,0.0,0,0,0,0
1175,80,-36,0,5,2,0.0,0.0,0,0,0,0
1176,80,-37,0,13,3,0.0,0.069,0,0,0,0
1177,80,-38,1,11,3,0.091,0.082,1,0,0,0
1178,80,-39,0,9,3,0.0,0.0,0,0,0,0
1179,80,-40,0,4,2,0.0,0.0,0,0,0,0
1180,80,-41,0,4,3,0.0,0.0,0,0,0,0
1181,80,-42,1,6,3,0.167,0.15,1,0,0,0
1182,80,-43,0,4,3,0.0,0.0,0,0,0,0
1183,80,-44,0,7,2,0.0,0.0,0,0,0,0
1184,80,-45,0,3,2,0.0,0.0,0,0,0,0
1185,80,-46,1,3,2,0.333,0.3,1,0,0,0
1186,80,-47,3,6,2,0.5,0.45,3,0,0,0
1187,80,-48,0,4,2,0.0,0.0,0,0,0,0
1188,80,-49,0,5,2,0.0,0.0,0,0,0,0
1189,80,-50,0,1,3,0.0,0.0,0,0,0,0
1190,80,-51,4,7,1,0.571,0.514,4,0,0,0
1191,80,-52,1,3,2,0.333,0.3,1,0,0,0
1192,80,-53,0,1,1,0.0,0.0,0,0,0,0
1193,80,-54,0,3,1,0.0,0.0,0,0,0,0
1194,80,-56,0,1,1,0.0,0.0,0,0,0,0
1195,80,-57,1,4,1,0.25,0.225,1,0,0,0
1196,80,-58,0,3,1,0.0,0.0,0,0,0,0
1197,80,-59,0,3,2,0.0,0.0,0,0,0,0
1198,80,-60,0,1,1,0.0,0.0,0,0,0,0
1199,80,-61,1,2,1,0.5,0.45,1,0,0,0
1200,80,-62,0,1,1,0.0,0.0,0,0,0,0
1201,80,-64,1,1,1,1.0,0.9,1,0,0,0
1202,80,-65,0,1,1,0.0,0.0,0,0,0,0
1203,80,-67,1,1,1,1.0,0.9,1,0,0,0
1204,80,-71,0,1,1,0.0,0.0,0,0,0,0
1205,80,-72,1,2,1,0.5,0.9,1,0,0,0
1206,85,88,0,1,55,0.0,0.0,0,0,0,0
1207,85,87,0,1,48,0.0,0.0,0,0,0,0
1208,85,86,0,1,27,0.0,0.0,0,0,0,0
1209,85,85,0,5,27,0.0,0.0,0,0,0,0
1210,85,83,0,3,23,0.0,0.0,0,0,0,0
1211,85,82,0,5,30,0.0,0.0,0,0,0,0
1212,85,81,0,5,35,0.0,0.0,0,0,0,0
1213,85,80,0,4,37,0.0,0.0,0,0,0,0
1214,85,79,0,8,45,0.0,0.0,0,0,0,0
1215,85,78,0,4,57,0.0,0.0,0,0,0,0
1216,85,77,0,12,58,0.0,0.0,0,0,0,0
1217,85,76,0,12,81,0.0,0.0,0,0,0,0
1218,85,75,0,15,89,0.0,0.0,0,0,0,0
1219,85,74,0,16,88,0.0,0.0,0,0,0,0
1220,85,73,0,13,103,0.0,0.0,0,0,0,0
1221,85,72,1,19,109,0.053,0.047,1,0,0,0
1222,85,71,0,14,107,0.0,0.0,0,0,0,0
1223,85,70,0,18,116,0.0,0.0,0,0,0,0
1224,85,69,0,18,130,0.0,0.0,0,0,0,0
1225,85,68,1,22,132,0.045,0.073,0,0,1,0
1226,85,67,0,13,133,0.0,0.0,0,0,0,0
1227,85,66,0,15,147,0.0,0.0,0,0,0,0
1228,85,65,0,22,154,0.0,0.0,0,0,0,0
1229,85,64,0,22,158,0.0,0.0,0,0,0,0
1230,85,63,0,14,171,0.0,0.0,0,0,0,0
1231,85,62,0,25,179,0.0,0.0,0,0,0,0
1232,85,61,0,13,181,0.0,0.0,0,0,0,0
1233,85,60,0,21,190,0.0,0.0,0,0,0,0
1234,85,59,1,20,195,0.05,0.045,1,0,0,0
1235,85,58,0,20,192,0.0,0.0,0,0,0,0
1236,85,57,0,18,200,0.0,0.0,0,0,0,0
1237,85,56,0,23,215,0.0,0.0,0,0,0,0
1238,85,55,0,23,213,0.0,0.0,0,0,0,0
1239,85,54,0,22,221,0.0,0.0,0,0,0,0
1240,85,53,1,24,229,0.042,0.052,0,1,0,0
1241,85,52,0,15,237,0.0,0.0,0,0,0,0
1242,85,51,0,14,240,0.0,0.064,0,0,0,0
1243,85,50,0,17,241,0.0,0.0,0,0,0,0
1244,85,49,1,27,248,0.037,0.033,1,0,0,0
1245,85,48,0,21,254,0.0,0.0,0,0,0,0
1246,85,47,0,18,257,0.0,0.0,0,0,0,0
1247,85,46,1,31,262,0.032,0.052,0,0,1,0
1248,85,45,0,27,270,0.0,0.0,0,0,0,0
1249,85,44,1,24,273,0.042,0.052,0,1,0,0
1250,85,43,0,21,274,0.0,0.0,0,0,0,0
1251,85,42,0,23,281,0.0,0.0,0,0,0,0
1252,85,41,0,32,281,0.0,0.0,0,0,0,0
1253,85,40,1,29,288,0.034,0.055,0,0,1,0
1254,85,39,2,30,289,0.067,0.095,0,1,1,0
1255,85,38,0,25,292,0.0,0.0,0,0,0,0
1256,85,37,1,21,296,0.048,0.06,0,1,0,0
1257,85,36,0,40,300,0.0,0.0,0,0,0,0
1258,85,35,2,34,302,0.059,0.084,0,1,1,0
1259,85,34,0,21,305,0.0,0.0,0,0,0,0
1260,85,33,1,32,305,0.031,0.039,0,1,0,0
1261,85,32,0,31,304,0.0,0.0,0,0,0,0
1262,85,31,0,26,305,0.0,0.0,0,0,0,0
1263,85,30,1,39,307,0.026,0.023,1,0,0,0
1264,85,29,3,22,308,0.136,0.17,0,3,0,0
1265,85,28,0,35,303,0.0,0.0,0,0,0,0
1266,85,27,2,30,292,0.067,0.083,0,2,0,0
1267,85,26,5,22,290,0.227,0.236,3,2,0,0
1268,85,25,2,29,297,0.069,0.074,1,1,0,0
1269,85,24,7,27,283,0.259,0.285,3,4,0,0
1270,85,23,5,24,281,0.208,0.246,2,2,1,0
1271,85,22,11,27,274,0.407,0.393,9,2,0,0
1272,85,21,23,34,271,0.676,0.66,18,5,0,0
1273,85,20,26,38,257,0.684,0.671,22,2,2,0
1274,85,19,29,32,250,0.906,0.859,25,4,0,0
1275,85,18,21,25,242,0.84,0.784,19,2,0,0
1276,85,17,22,24,235,0.917,0.854,20,2,0,0
1277,85,16,25,26,219,0.962,0.933,21,3,1,0
1278,85,15,29,29,209,1.0,0.984,22,7,0,0
1279,85,14,27,29,198,0.931,0.886,23,4,0,0
1280,85,13,22,26,183,0.846,0.869,15,6,1,0
1281,85,12,22,28,173,0.786,0.757,18,4,0,0
1282,85,11,20,39,157,0.513,0.479,18,2,0,0
1283,85,10,17,32,151,0.531,0.5,15,2,0,0
1284,85,9,15,30,132,0.5,0.462,14,1,0,0
1285,85,8,15,29,123,0.517,0.478,14,1,0,0
1286,85,7,10,29,112,0.345,0.341,10,0,0,0
1287,85,6,17,34,96,0.5,0.507,14,3,0,0
1288,85,5,4,25,87,0.16,0.158,3,1,0,0
1289,85,4,14,29,74,0.483,0.552,12,2,0,0
1290,85,3,7,22,64,0.318,0.327,7,0,0,0
1291,85,2,7,34,57,0.206,0.249,6,1,0,0
1292,85,1,4,25,49,0.16,0.144,4,0,0,0
1293,85,0,5,19,45,0.263,0.255,4,1,0,0
1294,85,-1,6,26,37,0.231,0.221,5,1,0,0
1295,85,-2,2,17,31,0.118,0.159,2,0,0,0
1296,85,-3,5,30,27,0.167,0.15,5,0,0,0
1297,85,-4,4,26,21,0.154,0.138,4,0,0,0
1298,85,-5,3,30,20,0.1,0.12,3,0,0,0
1299,85,-6,2,19,17,0.105,0.208,1,1,0,0
1300,85,-7,0,21,16,0.0,0.043,0,0,0,0
1301,85,-8,1,31,15,0.032,0.116,1,0,0,0
1302,85,-9,5,19,14,0.263,0.35,4,1,0,0
1303,85,-10,1,16,12,0.063,0.056,1,0,0,0
1304,85,-11,2,38,11,0.053,0.057,1,1,0,0
1305,85,-12,1,20,10,0.05,0.045,1,0,0,0
1306,85,-13,2,19,10,0.105,0.095,2,0,0,0
1307,85,-14,0,9,9,0.0,0.0,0,0,0,0
1308,85,-15,1,22,8,0.045,0.057,0,1,0,0
1309,85,-16,1,17,8,0.059,0.074,0,1,0,0
1310,85,-17,0,24,7,0.0,0.075,0,0,0,0
1311,85,-18,3,32,7,0.094,0.084,3,0,0,0
1312,85,-19,1,23,6,0.043,0.039,1,0,0,0
1313,85,-20,0,20,6,0.0,0.09,0,0,0,0
1314,85,-21,2,20,6,0.1,0.225,2,0,0,0
1315,85,-22,3,22,5,0.136,0.123,3,0,0,0
1316,85,-23,1,20,5,0.05,0.045,1,0,0,0
1317,85,-24,0,19,5,0.0,0.047,0,0,0,0
1318,85,-25,1,20,5,0.05,0.09,1,0,0,0
1319,85,-26,1,17,5,0.059,0.053,1,0,0,0
1320,85,-27,1,15,4,0.067,0.06,1,0,0,0
1321,85,-28,0,11,5,0.0,0.0,0,0,0,0
1322,85,-29,2,12,4,0.167,0.15,2,0,0,0
1323,85,-30,2,14,4,0.143,0.154,1,1,0,0
1324,85,-31,0,9,4,0.0,0.0,0,0,0,0
1325,85,-32,1,13,4,0.077,0.069,1,0,0,0
1326,85,-33,0,9,3,0.0,0.2,0,0,0,0
1327,85,-34,3,12,3,0.25,0.225,3,0,0,0
1328,85,-35,1,8,3,0.125,0.113,1,0,0,0
1329,85,-36,0,8,3,0.0,0.113,0,0,0,0
1330,85,-37,1,13,3,0.077,0.138,1,0,0,0
1331,85,-38,0,7,3,0.0,0.0,0,0,0,0
1332,85,-39,1,6,3,0.167,0.3,1,0,0,0
1333,85,-40,0,9,3,0.0,0.0,0,0,0,0
1334,85,-41,0,7,2,0.0,0.0,0,0,0,0
1335,85,-42,0,6,2,0.0,0.15,0,0,0,0
1336,85,-43,1,4,2,0.25,0.225,1,0,0,0
1337,85,-44,0,3,2,0.0,0.3,0,0,0,0
1338,85,-45,0,3,2,0.0,0.0,0,0,0,0
1339,85,-46,0,2,3,0.0,0.0,0,0,0,0
1340,85,-47,0,2,3,0.0,0.0,0,0,0,0
1341,85,-48,1,7,2,0.143,0.129,1,0,0,0
1342,85,-49,0,2,3,0.0,0.45,0,0,0,0
1343,85,-50,1,5,2,0.2,0.18,1,0,0,0
1344,85,-51,0,4,2,0.0,0.0,0,0,0,0
1345,85,-52,1,3,2,0.333,0.3,1,0,0,0
1346,85,-53,0,2,2,0.0,0.0,0,0,0,0
1347,85,-54,2,2,2,1.0,0.9,2,0,0,0
1348,85,-55,1,2,1,0.5,0.45,1,0,0,0
1349,85,-56,0,1,1,0.0,0.0,0,0,0,0
1350,85,-57,0,2,2,0.0,0.0,0,0,0,0
1351,85,-58,0,1,1,0.0,0.0,0,0,0,0
1352,85,-59,1,3,1,0.333,0.3,1,0,0,0
1353,85,-60,0,2,1,0.0,0.0,0,0,0,0
1354,85,-61,1,2,1,0.5,0.45,1,0,0,0
1355,90,85,0,2,37,0.0,0.0,0,0,0,0
1356,90,84,0,1,34,0.0,0.0,0,0,0,0
1357,90,83,0,1,10,0.0,0.0,0,0,0,0
1358,90,82,0,3,47,0.0,0.0,0,0,0,0
1359,90,81,0,3,41,0.0,0.0,0,0,0,0
1360,90,80,0,3,63,0.0,0.0,0,0,0,0
1361,90,79,1,5,57,0.2,0.18,1,0,0,0
1362,90,78,1,6,64,0.167,0.208,0,1,0,0
1363,90,77,0,7,60,0.0,0.0,0,0,0,0
1364,90,76,0,13,64,0.0,0.0,0,0,0,0
1365,90,75,0,10,79,0.0,0.0,0,0,0,0
1366,90,74,0,7,89,0.0,0.0,0,0,0,0
1367,90,73,0,13,87,0.0,0.0,0,0,0,0
1368,90,72,0,6,100,0.0,0.0,0,0,0,0
1369,90,71,0,15,113,0.0,0.0,0,0,0,0
1370,90,70,0,10,113,0.0,0.0,0,0,0,0
1371,90,69,0,7,126,0.0,0.0,0,0,0,0
1372,90,68,0,11,142,0.0,0.0,0,0,0,0
1373,90,67,0,12,143,0.0,0.0,0,0,0,0
1374,90,66,0,14,151,0.0,0.0,0,0,0,0
1375,90,65,0,17,162,0.0,0.0,0,0,0,0
1376,90,64,0,12,164,0.0,0.0,0,0,0,0
1377,90,63,0,12,181,0.0,0.0,0,0,0,0
1378,90,62,0,20,183,0.0,0.0,0,0,0,0
1379,90,61,0,16,186,0.0,0.0,0,0,0,0
1380,90,60,1,18,199,0.056,0.069,0,1,0,0
1381,90,59,0,12,202,0.0,0.075,0,0,0,0
1382,90,58,0,26,204,0.0,0.0,0,0,0,0
1383,90,57,0,26,214,0.0,0.0,0,0,0,0
1384,90,56,0,19,226,0.0,0.047,0,0,0,0
1385,90,55,0,20,229,0.0,0.0,0,0,0,0
1386,90,54,0,19,237,0.0,0.047,0,0,0,0
1387,90,53,0,24,239,0.0,0.0,0,0,0,0
1388,90,52,1,19,246,0.053,0.047,1,0,0,0
1389,90,51,0,28,258,0.0,0.0,0,0,0,0
1390,90,50,0,23,262,0.0,0.0,0,0,0,0
1391,90,49,0,40,267,0.0,0.0,0,0,0,0
1392,90,48,0,25,269,0.0,0.0,0,0,0,0
1393,90,47,0,30,274,0.0,0.0,0,0,0,0
1394,90,46,0,28,279,0.0,0.0,0,0,0,0
1395,90,45,0,31,286,0.0,0.029,0,0,0,0
1396,90,44,0,36,294,0.0,0.0,0,0,0,0
1397,90,43,1,38,295,0.026,0.033,0,1,0,0
1398,90,42,1,45,298,0.022,0.044,0,0,0,1
1399,90,41,1,35,305,0.029,0.036,0,1,0,0
1400,90,40,0,38,302,0.0,0.0,0,0,0,0
1401,90,39,1,32,307,0.031,0.063,0,0,0,1
1402,90,38,1,41,313,0.024,0.03,0,1,0,0
1403,90,37,1,51,315,0.02,0.025,0,1,0,0
1404,90,36,0,37,316,0.0,0.024,0,0,0,0
1405,90,35,0,33,323,0.0,0.0,0,0,0,0
1406,90,34,1,36,324,0.028,0.035,0,1,0,0
1407,90,33,2,38,327,0.053,0.105,0,0,0,2
1408,90,32,3,47,323,0.064,0.088,1,1,0,1
1409,90,31,2,35,331,0.057,0.071,0,2,0,0
1410,90,30,1,48,330,0.021,0.026,0,1,0,0
1411,90,29,3,41,326,0.073,0.083,1,2,0,0
1412,90,28,0,38,325,0.0,0.0,0,0,0,0
1413,90,27,5,52,327,0.096,0.127,0,4,1,0
1414,90,26,2,41,323,0.049,0.07,0,1,1,0
1415,90,25,7,48,321,0.146,0.182,1,5,1,0
1416,90,24,4,33,314,0.121,0.152,0,4,0,0
1417,90,23,9,52,308,0.173,0.223,1,6,2,0
1418,90,22,5,43,299,0.116,0.129,2,3,0,0
1419,90,21,10,45,298,0.222,0.254,3,7,0,0
1420,90,20,20,49,283,0.408,0.424,13,6,1,0
1421,90,19,15,40,277,0.375,0.364,12,3,0,0
1422,90,18,19,39,268,0.487,0.465,16,3,0,0
1423,90,17,36,40,247,0.9,0.863,30,6,0,0
1424,90,16,40,48,248,0.833,0.801,33,7,0,0
1425,90,15,49,49,227,1.0,0.95,42,7,0,0
1426,90,14,53,53,215,1.0,0.933,49,3,1,0
1427,90,13,42,43,205,0.977,0.993,29,12,1,0
1428,90,12,24,31,191,0.774,0.719,22,2,0,0
1429,90,11,25,43,169,0.581,0.523,25,0,0,0
1430,90,10,25,42,165,0.595,0.577,21,3,1,0
1431,90,9,17,35,145,0.486,0.467,14,3,0,0
1432,90,8,24,43,133,0.558,0.556,20,4,0,0
1433,90,7,18,36,120,0.5,0.479,15,3,0,0
1434,90,6,19,38,103,0.5,0.487,16,2,1,0
1435,90,5,15,44,90,0.341,0.335,14,1,0,0
1436,90,4,13,33,79,0.394,0.403,11,2,0,0
1437,90,3,16,32,70,0.5,0.472,14,2,0,0
1438,90,2,7,27,60,0.259,0.267,7,0,0,0
1439,90,1,16,36,50,0.444,0.504,13,3,0,0
1440,90,0,10,37,43,0.27,0.253,9,1,0,0
1441,90,-1,10,39,39,0.256,0.254,10,0,0,0
1442,90,-2,6,34,29,0.176,0.232,5,0,1,0
1443,90,-3,7,33,26,0.212,0.212,5,2,0,0
1444,90,-4,6,41,25,0.146,0.198,6,0,0,0
1445,90,-5,5,31,21,0.161,0.174,5,0,0,0
1446,90,-6,15,48,18,0.313,0.289,14,1,0,0
1447,90,-7,7,33,16,0.212,0.191,7,0,0,0
1448,90,-8,4,36,14,0.111,0.219,2,2,0,0
1449,90,-9,4,38,12,0.105,0.128,3,1,0,0
1450,90,-10,7,32,13,0.219,0.208,6,1,0,0
1451,90,-11,2,26,11,0.077,0.104,2,0,0,0
1452,90,-12,2,35,10,0.057,0.077,2,0,0,0
1453,90,-13,2,20,10,0.1,0.09,2,0,0,0
1454,90,-14,5,33,9,0.152,0.202,4,1,0,0
1455,90,-15,3,29,9,0.103,0.093,3,0,0,0
1456,90,-16,6,32,8,0.188,0.169,6,0,0,0
1457,90,-17,4,22,8,0.182,0.164,4,0,0,0
1458,90,-18,3,30,8,0.1,0.132,2,1,0,0
1459,90,-19,3,27,7,0.111,0.113,2,1,0,0
1460,90,-20,1,13,6,0.077,0.069,1,0,0,0
1461,90,-21,2,20,6,0.1,0.108,1,1,0,0
1462,90,-22,0,17,6,0.0,0.0,0,0,0,0
1463,90,-23,2,23,5,0.087,0.157,2,0,0,0
1464,90,-24,1,13,5,0.077,0.069,1,0,0,0
1465,90,-25,5,29,5,0.172,0.167,4,1,0,0
1466,90,-26,1,15,5,0.067,0.143,0,1,0,0
1467,90,-27,0,13,4,0.0,0.069,0,0,0,0
1468,90,-28,0,16,4,0.0,0.056,0,0,0,0
1469,90,-29,0,11,4,0.0,0.082,0,0,0,0
1470,90,-30,1,15,4,0.067,0.12,1,0,0,0
1471,90,-31,0,14,3,0.0,0.064,0,0,0,0
1472,90,-32,1,9,4,0.111,0.139,0,1,0,0
1473,90,-33,1,6,4,0.167,0.358,0,1,0,0
1474,90,-34,0,10,3,0.0,0.0,0,0,0,0
1475,90,-35,1,10,3,0.1,0.09,1,0,0,0
1476,90,-36,0,8,3,0.0,0.0,0,0,0,0
1477,90,-37,0,7,3,0.0,0.0,0,0,0,0
1478,90,-38,0,6,3,0.0,0.0,0,0,0,0
1479,90,-39,0,5,3,0.0,0.18,0,0,0,0
1480,90,-40,0,3,3,0.0,0.0,0,0,0,0
1481,90,-41,0,2,3,0.0,0.0,0,0,0,0
1482,90,-42,1,3,2,0.333,0.3,1,0,0,0
1483,90,-43,0,3,3,0.0,0.0,0,0,0,0
1484,90,-44,0,2,3,0.0,0.0,0,0,0,0
1485,90,-45,0,1,2,0.0,0.0,0,0,0,0
1486,90,-49,0,1,2,0.0,0.0,0,0,0,0
1487,90,-52,0,1,2,0.0,0.0,0,0,0,0
1488,90,-53,0,1,1,0.0,0.9,0,0,0,0
1489,90,-54,0,1,2,0.0,0.0,0,0,0,0
1490,90,-55,1,1,2,1.0,0.9,1,0,0,0
1491,90,-56,0,1,2,0.0,0.0,0,0,0,0
1492,90,-59,0,1,1,0.0,0.0,0,0,0,0
1493,95,84,0,1,48,0.0,0.0,0,0,0,0
1494,95,79,0,1,26,0.0,0.0,0,0,0,0
1495,95,77,0,1,41,0.0,0.0,0,0,0,0
1496,95,76,0,4,69,0.0,0.0,0,0,0,0
1497,95,75,0,3,75,0.0,0.0,0,0,0,0
1498,95,74,1,4,84,0.25,0.225,1,0,0,0
1499,95,73,0,8,87,0.0,0.0,0,0,0,0
1500,95,72,0,7,98,0.0,0.0,0,0,0,0
1501,95,71,0,6,102,0.0,0.0,0,0,0,0
1502,95,70,0,5,113,0.0,0.0,0,0,0,0
1503,95,69,0,2,144,0.0,0.0,0,0,0,0
1504,95,68,0,5,140,0.0,0.0,0,0,0,0
1505,95,67,0,3,173,0.0,0.0,0,0,0,0
1506,95,66,0,11,150,0.0,0.0,0,0,0,0
1507,95,65,0,6,153,0.0,0.0,0,0,0,0
1508,95,64,0,5,181,0.0,0.0,0,0,0,0
1509,95,63,0,8,175,0.0,0.0,0,0,0,0
1510,95,62,0,14,189,0.0,0.0,0,0,0,0
1511,95,61,1,14,202,0.071,0.064,1,0,0,0
1512,95,60,0,18,203,0.0,0.0,0,0,0,0
1513,95,59,0,15,217,0.0,0.0,0,0,0,0
1514,95,58,1,11,221,0.091,0.114,0,1,0,0
1515,95,57,0,14,220,0.0,0.0,0,0,0,0
1516,95,56,0,25,236,0.0,0.0,0,0,0,0
1517,95,55,0,17,240,0.0,0.0,0,0,0,0
1518,95,54,0,19,239,0.0,0.0,0,0,0,0
1519,95,53,0,24,252,0.0,0.0,0,0,0,0
1520,95,52,0,18,258,0.0,0.0,0,0,0,0
1521,95,51,0,32,267,0.0,0.0,0,0,0,0
1522,95,50,0,25,273,0.0,0.0,0,0,0,0
1523,95,49,0,25,280,0.0,0.0,0,0,0,0
1524,95,48,0,24,291,0.0,0.0,0,0,0,0
1525,95,47,0,32,288,0.0,0.0,0,0,0,0
1526,95,46,1,24,298,0.042,0.052,0,1,0,0
1527,95,45,0,27,303,0.0,0.0,0,0,0,0
1528,95,44,1,30,306,0.033,0.067,0,0,0,1
1529,95,43,0,23,307,0.0,0.0,0,0,0,0
1530,95,42,0,41,316,0.0,0.0,0,0,0,0
1531,95,41,1,41,322,0.024,0.049,0,0,0,1
1532,95,40,0,42,327,0.0,0.0,0,0,0,0
1533,95,39,1,43,332,0.023,0.047,0,0,0,1
1534,95,38,3,59,334,0.051,0.102,0,0,0,3
1535,95,37,4,57,337,0.07,0.14,0,0,0,4
1536,95,36,1,56,344,0.018,0.038,0,1,0,0
1537,95,35,3,45,346,0.067,0.133,0,0,0,3
1538,95,34,8,53,346,0.151,0.28,0,1,1,6
1539,95,33,7,62,355,0.113,0.19,0,3,0,4
1540,95,32,6,57,350,0.105,0.151,0,4,1,1
1541,95,31,3,67,350,0.045,0.09,0,0,0,3
1542,95,30,13,77,357,0.169,0.255,0,8,1,4
1543,95,29,14,71,354,0.197,0.341,0,4,2,8
1544,95,28,6,57,354,0.105,0.145,0,5,0,1
1545,95,27,13,59,352,0.22,0.301,0,11,0,2
1546,95,26,17,63,353,0.27,0.379,2,9,3,3
1547,95,25,10,61,344,0.164,0.229,0,7,2,1
1548,95,24,15,58,335,0.259,0.305,3,12,0,0
1549,95,23,8,64,329,0.125,0.17,1,6,1,0
1550,95,22,11,69,326,0.159,0.189,2,9,0,0
1551,95,21,12,57,320,0.211,0.269,0,11,1,0
1552,95,20,20,79,310,0.253,0.299,7,10,3,0
1553,95,19,20,57,303,0.351,0.359,13,7,0,0
1554,95,18,33,65,289,0.508,0.538,20,11,2,0
1555,95,17,28,62,280,0.452,0.457,20,7,1,0
1556,95,16,34,53,269,0.642,0.604,31,2,1,0
1557,95,15,46,58,248,0.793,0.738,42,4,0,0
1558,95,14,40,42,244,0.952,0.915,34,5,1,0
1559,95,13,45,47,219,0.957,0.988,32,9,4,0
1560,95,12,51,55,209,0.927,0.905,41,9,1,0
1561,95,11,40,42,199,0.952,0.882,37,3,0,0
1562,95,10,44,63,178,0.698,0.651,40,4,0,0
1563,95,9,28,58,161,0.483,0.441,27,1,0,0
1564,95,8,37,51,142,0.725,0.687,32,5,0,0
1565,95,7,36,65,131,0.554,0.588,29,5,2,0
1566,95,6,30,53,113,0.566,0.529,27,3,0,0
1567,95,5,36,61,101,0.59,0.58,30,6,0,0
1568,95,4,29,48,84,0.604,0.599,24,5,0,0
1569,95,3,26,53,73,0.491,0.492,21,5,0,0
1570,95,2,20,49,65,0.408,0.44,15,5,0,0
1571,95,1,25,53,55,0.472,0.472,23,2,0,0
1572,95,0,16,50,47,0.32,0.327,14,1,1,0
1573,95,-1,11,38,41,0.289,0.293,10,1,0,0
1574,95,-2,10,48,32,0.208,0.188,10,0,0,0
1575,95,-3,15,33,29,0.455,0.42,14,1,0,0
1576,95,-4,15,39,24,0.385,0.392,15,0,0,0
1577,95,-5,14,53,20,0.264,0.315,10,4,0,0
1578,95,-6,10,45,18,0.222,0.228,9,1,0,0
1579,95,-7,10,44,17,0.227,0.249,8,1,1,0
1580,95,-8,10,42,14,0.238,0.236,10,0,0,0
1581,95,-9,5,35,13,0.143,0.129,5,0,0,0
1582,95,-10,6,53,12,0.113,0.119,6,0,0,0
1583,95,-11,7,44,11,0.159,0.172,6,1,0,0
1584,95,-12,9,36,10,0.25,0.26,8,1,0,0
1585,95,-13,6,40,9,0.15,0.234,5,1,0,0
1586,95,-14,8,42,9,0.19,0.214,8,0,0,0
1587,95,-15,6,32,8,0.188,0.169,6,0,0,0
1588,95,-16,8,34,8,0.235,0.259,6,2,0,0
1589,95,-17,5,38,8,0.132,0.128,4,1,0,0
1590,95,-18,5,37,7,0.135,0.17,5,0,0,0
1591,95,-19,4,26,7,0.154,0.221,3,1,0,0
1592,95,-20,5,21,6,0.238,0.231,4,1,0,0
1593,95,-21,2,26,6,0.077,0.083,1,1,0,0
1594,95,-22,3,22,5,0.136,0.18,2,1,0,0
1595,95,-23,4,23,5,0.174,0.211,3,1,0,0
1596,95,-24,4,22,5,0.182,0.195,3,0,1,0
1597,95,-25,2,13,5,0.154,0.304,1,1,0,0
1598,95,-26,3,18,5,0.167,0.15,3,0,0,0
1599,95,-27,2,11,4,0.182,0.195,1,1,0,0
1600,95,-28,0,12,4,0.0,0.0,0,0,0,0
1601,95,-29,0,6,4,0.0,0.15,0,0,0,0
1602,95,-30,1,9,4,0.111,0.1,1,0,0,0
1603,95,-31,1,9,4,0.111,0.1,1,0,0,0
1604,95,-32,1,11,3,0.091,0.164,1,0,0,0
1605,95,-33,0,3,4,0.0,0.0,0,0,0,0
1606,95,-34,0,2,3,0.0,0.0,0,0,0,0
1607,95,-35,0,4,3,0.0,0.0,0,0,0,0
1608,95,-38,0,2,2,0.0,0.0,0,0,0,0
1609,95,-39,0,2,3,0.0,0.45,0,0,0,0
1610,95,-40,0,2,3,0.0,0.0,0,0,0,0
1611,95,-41,0,1,2,0.0,0.0,0,0,0,0
1612,95,-42,0,2,2,0.0,0.0,0,0,0,0
1613,95,-43,0,1,2,0.0,0.0,0,0,0,0
1614,95,-44,0,1,2,0.0,0.0,0,0,0,0
1615,95,-45,0,2,2,0.0,0.0,0,0,0,0
1616,95,-46,0,2,2,0.0,0.0,0,0,0,0
1617,95,-47,1,1,2,1.0,0.9,1,0,0,0
1618,95,-50,0,2,2,0.0,0.0,0,0,0,0
1619,95,-53,1,1,2,1.0,0.9,1,0,0,0
1620,100,75,0,2,79,0.0,0.0,0,0,0,0
1621,100,71,0,3,107,0.0,0.0,0,0,0,0
1622,100,70,0,2,105,0.0,0.0,0,0,0,0
1623,100,68,0,1,137,0.0,0.0,0,0,0,0
1624,100,67,0,1,124,0.0,0.0,0,0,0,0
1625,100,65,0,1,139,0.0,0.0,0,0,0,0
1626,100,64,0,3,183,0.0,0.0,0,0,0,0
1627,100,63,0,3,182,0.0,0.0,0,0,0,0
1628,100,62,0,3,196,0.0,0.0,0,0,0,0
1629,100,61,0,4,210,0.0,0.0,0,0,0,0
1630,100,60,0,6,217,0.0,0.0,0,0,0,0
1631,100,59,0,5,231,0.0,0.0,0,0,0,0
1632,100,58,0,4,232,0.0,0.0,0,0,0,0
1633,100,57,0,6,249,0.0,0.0,0,0,0,0
1634,100,56,0,2,268,0.0,0.0,0,0,0,0
1635,100,55,0,7,253,0.0,0.0,0,0,0,0
1636,100,54,0,10,260,0.0,0.0,0,0,0,0
1637,100,53,0,7,267,0.0,0.0,0,0,0,0
1638,100,52,0,8,272,0.0,0.0,0,0,0,0
1639,100,51,0,6,278,0.0,0.0,0,0,0,0
1640,100,50,0,11,292,0.0,0.0,0,0,0,0
1641,100,49,0,9,293,0.0,0.0,0,0,0,0
1642,100,48,0,14,303,0.0,0.0,0,0,0,0
1643,100,47,0,14,303,0.0,0.0,0,0,0,0
1644,100,46,1,22,312,0.045,0.091,0,0,0,1
1645,100,45,0,23,321,0.0,0.0,0,0,0,0
1646,100,44,1,16,320,0.063,0.125,0,0,0,1
1647,100,43,3,21,332,0.143,0.25,0,1,0,2
1648,100,42,2,21,332,0.095,0.19,0,0,0,2
1649,100,41,1,28,339,0.036,0.071,0,0,0,1
1650,100,40,6,34,346,0.176,0.331,0,1,0,5
1651,100,39,2,34,353,0.059,0.118,0,0,0,2
1652,100,38,7,41,359,0.171,0.305,0,2,0,5
1653,100,37,9,39,363,0.231,0.462,0,0,0,9
1654,100,36,9,45,366,0.2,0.391,0,0,1,8
1655,100,35,13,40,370,0.325,0.631,0,1,0,12
1656,100,34,19,53,372,0.358,0.703,0,1,0,18
1657,100,33,18,61,378,0.295,0.566,0,2,0,16
1658,100,32,20,59,376,0.339,0.665,0,1,0,19
1659,100,31,40,77,377,0.519,0.921,2,7,4,27
1660,100,30,38,59,380,0.644,1.161,0,10,0,28
1661,100,29,31,61,375,0.508,0.886,0,9,3,19
1662,100,28,33,67,381,0.493,0.851,1,10,1,21
1663,100,27,25,42,378,0.595,1.064,0,6,2,17
1664,100,26,34,71,378,0.479,0.751,0,19,1,14
1665,100,25,26,60,374,0.433,0.685,1,12,2,11
1666,100,24,34,75,367,0.453,0.687,3,17,1,13
1667,100,23,30,65,363,0.462,0.669,0,22,0,8
1668,100,22,28,70,354,0.4,0.547,2,18,5,3
1669,100,21,23,74,347,0.311,0.399,2,18,2,1
1670,100,20,21,68,339,0.309,0.399,1,19,1,0
1671,100,19,27,75,328,0.36,0.441,3,23,1,0
1672,100,18,30,84,312,0.357,0.409,9,21,0,0
1673,100,17,33,75,305,0.44,0.489,15,16,2,0
1674,100,16,47,85,288,0.553,0.605,23,22,2,0
1675,100,15,44,70,278,0.629,0.661,26,17,1,0
1676,100,14,52,63,260,0.825,0.81,40,12,0,0
1677,100,13,83,89,244,0.933,0.91,66,16,1,0
1678,100,12,66,69,226,0.957,0.932,54,10,2,0
1679,100,11,58,64,204,0.906,0.865,49,9,0,0
1680,100,10,49,61,189,0.803,0.769,41,8,0,0
1681,100,9,49,62,174,0.79,0.751,43,5,1,0
1682,100,8,45,72,153,0.625,0.616,36,7,2,0
1683,100,7,56,85,138,0.659,0.63,47,9,0,0
1684,100,6,51,86,122,0.593,0.608,40,9,2,0
1685,100,5,45,81,106,0.556,0.528,41,4,0,0
1686,100,4,38,77,92,0.494,0.499,31,7,0,0
1687,100,3,39,71,81,0.549,0.522,36,3,0,0
1688,100,2,31,59,66,0.525,0.503,28,1,2,0
1689,100,1,33,68,58,0.485,0.457,29,4,0,0
1690,100,0,32,78,48,0.41,0.41,28,4,0,0
1691,100,-1,21,58,40,0.362,0.347,20,1,0,0
1692,100,-2,21,61,35,0.344,0.359,17,2,2,0
1693,100,-3,17,49,30,0.347,0.338,16,1,0,0
1694,100,-4,14,71,25,0.197,0.246,13,1,0,0
1695,100,-5,14,55,22,0.255,0.229,14,0,0,0
1696,100,-6,15,49,18,0.306,0.327,13,2,0,0
1697,100,-7,16,44,17,0.364,0.335,15,1,0,0
1698,100,-8,12,45,15,0.267,0.288,11,1,0,0
1699,100,-9,15,54,13,0.278,0.267,15,0,0,0
1700,100,-10,18,59,12,0.305,0.286,16,2,0,0
1701,100,-11,9,44,11,0.205,0.233,8,1,0,0
1702,100,-12,10,48,10,0.208,0.214,9,1,0,0
1703,100,-13,5,37,9,0.135,0.146,5,0,0,0
1704,100,-14,16,42,8,0.381,0.364,16,0,0,0
1705,100,-15,4,32,8,0.125,0.169,4,0,0,0
1706,100,-16,2,22,7,0.091,0.082,2,0,0,0
1707,100,-17,5,24,8,0.208,0.225,5,0,0,0
1708,100,-18,7,31,6,0.226,0.215,6,1,0,0
1709,100,-19,4,22,7,0.182,0.164,4,0,0,0
1710,100,-20,4,28,5,0.143,0.129,4,0,0,0
1711,100,-21,3,12,6,0.25,0.225,3,0,0,0
1712,100,-22,4,17,5,0.235,0.212,4,0,0,0
1713,100,-23,4,19,5,0.211,0.189,4,0,0,0
1714,100,-24,3,12,5,0.25,0.254,2,1,0,0
1715,100,-25,0,7,4,0.0,0.0,0,0,0,0
1716,100,-26,0,11,4,0.0,0.082,0,0,0,0
1717,100,-27,1,6,4,0.167,0.15,1,0,0,0
1718,100,-28,0,9,4,0.0,0.0,0,0,0,0
1719,100,-29,0,4,4,0.0,0.0,0,0,0,0
1720,100,-30,0,7,3,0.0,0.0,0,0,0,0
1721,100,-32,2,6,4,0.333,0.45,2,0,0,0
1722,100,-34,1,3,3,0.333,0.3,1,0,0,0
1723,100,-35,1,3,3,0.333,0.3,1,0,0,0
1724,100,-36,0,4,3,0.0,0.0,0,0,0,0
1725,100,-38,0,1,2,0.0,0.0,0,0,0,0
1726,100,-39,0,1,3,0.0,0.9,0,0,0,0
1727,100,-40,0,1,2,0.0,0.0,0,0,0,0
1728,100,-44,0,1,2,0.0,0.0,0,0,0,0
1729,100,-50,0,1,2,0.0,0.0,0,0,0,0
1730,105,70,0,1,101,0.0,0.0,0,0,0,0
1731,105,65,0,1,178,0.0,0.0,0,0,0,0
1732,105,62,0,1,235,0.0,0.0,0,0,0,0
1733,105,57,1,2,217,0.5,0.625,0,1,0,0
1734,105,56,0,1,259,0.0,0.0,0,0,0,0
1735,105,54,0,1,279,0.0,0.0,0,0,0,0
1736,105,53,0,1,282,0.0,0.0,0,0,0,0
1737,105,52,0,5,288,0.0,0.0,0,0,0,0
1738,105,51,0,1,252,0.0,0.0,0,0,0,0
1739,105,50,0,2,289,0.0,0.0,0,0,0,0
1740,105,49,1,3,305,0.333,0.417,0,1,0,0
1741,105,48,0,3,293,0.0,0.0,0,0,0,0
1742,105,47,0,7,325,0.0,0.0,0,0,0,0
1743,105,46,1,3,340,0.333,0.667,0,0,0,1
1744,105,45,0,10,329,0.0,0.0,0,0,0,0
1745,105,44,0,6,319,0.0,0.0,0,0,0,0
1746,105,43,3,11,346,0.273,0.477,0,1,0,2
1747,105,42,3,8,342,0.375,0.75,0,0,0,3
1748,105,41,5,14,373,0.357,0.714,0,0,0,5
1749,105,40,6,14,373,0.429,0.857,0,0,0,6
1750,105,39,9,17,374,0.529,1.059,0,0,0,9
1751,105,38,13,18,382,0.722,1.403,0,1,0,12
1752,105,37,11,19,390,0.579,1.137,0,0,1,10
1753,105,36,9,14,394,0.643,1.286,0,0,0,9
1754,105,35,16,23,395,0.696,1.359,0,1,0,15
1755,105,34,16,20,404,0.8,1.58,0,0,1,15
1756,105,33,24,29,400,0.828,1.603,0,2,0,22
1757,105,32,24,30,395,0.8,1.513,1,2,0,21
1758,105,31,30,41,408,0.732,1.463,0,0,0,30
1759,105,30,27,38,405,0.711,1.411,0,0,1,26
1760,105,29,39,43,407,0.907,1.797,0,1,0,38
1761,105,28,46,51,406,0.902,1.76,0,3,0,43
1762,105,27,40,50,403,0.8,1.57,0,2,0,38
1763,105,26,53,57,406,0.93,1.846,0,0,2,51
1764,105,25,52,57,400,0.912,1.752,0,5,1,46
1765,105,24,50,57,397,0.877,1.576,0,13,1,36
1766,105,23,50,60,388,0.833,1.423,1,17,2,30
1767,105,22,51,64,381,0.797,1.296,3,21,0,27
1768,105,21,46,60,371,0.767,1.114,2,29,3,12
1769,105,20,34,59,359,0.576,0.803,2,24,1,7
1770,105,19,32,55,353,0.582,0.803,2,23,1,6
1771,105,18,37,68,341,0.544,0.701,5,24,7,1
1772,105,17,40,74,321,0.541,0.652,9,27,4,0
1773,105,16,37,59,307,0.627,0.719,13,22,2,0
1774,105,15,60,88,293,0.682,0.741,29,30,1,0
1775,105,14,58,80,272,0.725,0.758,37,18,3,0
1776,105,13,66,71,258,0.93,0.975,40,24,2,0
1777,105,12,58,63,242,0.921,0.923,41,17,0,0
1778,105,11,55,57,218,0.965,0.942,45,8,2,0
1779,105,10,64,71,202,0.901,0.893,51,12,1,0
1780,105,9,61,74,185,0.824,0.794,50,11,0,0
1781,105,8,46,70,168,0.657,0.621,40,6,0,0
1782,105,7,48,77,150,0.623,0.579,44,4,0,0
1783,105,6,37,69,129,0.536,0.523,29,8,0,0
1784,105,5,34,60,113,0.567,0.548,30,4,0,0
1785,105,4,40,74,99,0.541,0.51,35,5,0,0
1786,105,3,30,60,82,0.5,0.492,28,2,0,0
1787,105,2,32,58,71,0.552,0.518,31,1,0,0
1788,105,1,32,59,60,0.542,0.527,28,4,0,0
1789,105,0,33,65,51,0.508,0.501,30,3,0,0
1790,105,-1,33,57,42,0.579,0.527,32,1,0,0
1791,105,-2,20,46,35,0.435,0.411,20,0,0,0
1792,105,-3,25,57,30,0.439,0.439,23,2,0,0
1793,105,-4,21,47,26,0.447,0.448,20,1,0,0
1794,105,-5,16,40,21,0.4,0.423,14,2,0,0
1795,105,-6,15,37,18,0.405,0.374,14,1,0,0
1796,105,-7,2,22,17,0.091,0.164,2,0,0,0
1797,105,-8,12,29,14,0.414,0.478,11,1,0,0
1798,105,-9,11,29,13,0.379,0.353,10,1,0,0
1799,105,-10,13,35,11,0.371,0.37,12,1,0,0
1800,105,-11,9,20,11,0.45,0.405,9,0,0,0
1801,105,-12,7,25,10,0.28,0.324,7,0,0,0
1802,105,-13,3,18,10,0.167,0.15,3,0,0,0
1803,105,-14,3,12,9,0.25,0.225,3,0,0,0
1804,105,-15,1,8,7,0.125,0.225,1,0,0,0
1805,105,-16,4,12,7,0.333,0.3,4,0,0,0
1806,105,-17,3,14,7,0.214,0.193,3,0,0,0
1807,105,-18,1,8,6,0.125,0.113,1,0,0,0
1808,105,-19,2,9,6,0.222,0.2,2,0,0,0
1809,105,-20,1,10,5,0.1,0.09,1,0,0,0
1810,105,-21,3,10,5,0.3,0.27,3,0,0,0
1811,105,-22,2,10,5,0.2,0.18,2,0,0,0
1812,105,-23,1,10,5,0.1,0.09,1,0,0,0
1813,105,-24,3,5,4,0.6,0.54,3,0,0,0
1814,105,-25,4,13,4,0.308,0.277,4,0,0,0
1815,105,-26,1,8,4,0.125,0.225,1,0,0,0
1816,105,-27,1,5,4,0.2,0.18,1,0,0,0
1817,105,-28,0,4,4,0.0,0.0,0,0,0,0
1818,105,-29,0,2,4,0.0,0.0,0,0,0,0
1819,105,-30,1,2,4,0.5,0.45,1,0,0,0
1820,105,-34,1,1,3,1.0,0.9,1,0,0,0
1821,105,-35,0,2,3,0.0,0.0,0,0,0,0
1822,105,-37,0,2,3,0.0,0.0,0,0,0,0
1823,105,-41,1,2,2,0.5,0.45,1,0,0,0
1824,110,66,0,1,146,0.0,0.0,0,0,0,0
1825,110,46,0,1,339,0.0,0.0,0,0,0,0
1826,110,44,1,1,403,1.0,2.0,0,0,0,1
1827,110,43,0,1,344,0.0,0.0,0,0,0,0
1828,110,42,1,1,394,1.0,2.0,0,0,0,1
1829,110,41,2,2,394,1.0,2.0,0,0,0,2
1830,110,38,2,3,394,0.667,1.333,0,0,0,2
1831,110,37,2,2,407,1.0,2.0,0,0,0,2
1832,110,36,5,7,413,0.714,1.429,0,0,0,5
1833,110,35,4,4,423,1.0,2.0,0,0,0,4
1834,110,34,5,5,420,1.0,2.0,0,0,0,5
1835,110,33,9,9,423,1.0,2.0,0,0,0,9
1836,110,32,5,5,424,1.0,2.0,0,0,0,5
1837,110,31,4,5,424,0.8,1.6,0,0,0,4
1838,110,30,8,8,427,1.0,2.0,0,0,0,8
1839,110,29,12,12,435,1.0,2.0,0,0,0,12
1840,110,28,15,15,432,1.0,2.0,0,0,0,15
1841,110,27,14,14,429,1.0,2.0,0,0,0,14
1842,110,26,8,8,428,1.0,1.906,0,1,0,7
1843,110,25,22,23,420,0.957,1.88,0,1,0,21
1844,110,24,23,23,421,1.0,1.967,0,1,0,22
1845,110,23,18,18,412,1.0,1.939,1,0,0,17
1846,110,22,22,22,393,1.0,1.845,0,4,1,17
1847,110,21,27,28,394,0.964,1.675,1,8,0,18
1848,110,20,14,19,385,0.737,1.237,0,6,0,8
1849,110,19,25,30,361,0.833,1.145,4,15,0,6
1850,110,18,20,28,359,0.714,1.0,0,16,0,4
1851,110,17,15,22,345,0.682,0.886,1,12,1,1
1852,110,16,13,20,344,0.65,0.893,0,11,2,0
1853,110,15,16,24,311,0.667,0.804,3,12,1,0
1854,110,14,26,30,287,0.867,0.967,10,16,0,0
1855,110,13,19,27,282,0.704,0.854,5,11,3,0
1856,110,12,23,25,261,0.92,0.954,14,9,0,0
1857,110,11,29,30,232,0.967,1.01,19,8,2,0
1858,110,10,23,28,200,0.821,0.802,18,5,0,0
1859,110,9,23,25,209,0.92,0.912,17,6,0,0
1860,110,8,15,24,179,0.625,0.644,12,3,0,0
1861,110,7,16,24,157,0.667,0.629,14,2,0,0
1862,110,6,16,19,136,0.842,0.795,14,2,0,0
1863,110,5,26,37,123,0.703,0.661,23,3,0,0
1864,110,4,20,28,105,0.714,0.693,16,4,0,0
1865,110,3,17,27,89,0.63,0.593,15,2,0,0
1866,110,2,8,13,76,0.615,0.581,7,1,0,0
1867,110,1,14,24,60,0.583,0.563,14,0,0,0
1868,110,0,8,20,52,0.4,0.378,7,1,0,0
1869,110,-1,5,12,39,0.417,0.375,5,0,0,0
1870,110,-2,7,10,33,0.7,0.72,7,0,0,0
1871,110,-3,6,12,24,0.5,0.45,6,0,0,0
1872,110,-4,5,11,25,0.455,0.409,5,0,0,0
1873,110,-5,7,16,22,0.438,0.394,7,0,0,0
1874,110,-6,5,11,19,0.455,0.409,5,0,0,0
1875,110,-7,2,6,16,0.333,0.3,2,0,0,0
1876,110,-8,3,3,14,1.0,0.9,3,0,0,0
1877,110,-9,3,6,15,0.5,0.45,3,0,0,0
1878,110,-10,2,7,13,0.286,0.357,1,0,1,0
1879,110,-11,1,6,11,0.167,0.15,1,0,0,0
1880,110,-12,1,2,8,0.5,0.45,1,0,0,0
1881,110,-13,3,4,10,0.75,0.675,3,0,0,0
1882,110,-14,1,6,8,0.167,0.15,1,0,0,0
1883,110,-15,0,1,6,0.0,0.0,0,0,0,0
1884,110,-16,0,4,6,0.0,0.0,0,0,0,0
1885,110,-17,1,5,8,0.2,0.18,1,0,0,0
1886,110,-18,0,3,7,0.0,0.0,0,0,0,0
1887,110,-19,0,2,6,0.0,0.0,0,0,0,0
1888,110,-21,0,4,6,0.0,0.0,0,0,0,0
1889,110,-22,1,3,6,0.333,0.3,1,0,0,0
1890,110,-23,0,2,5,0.0,0.0,0,0,0,0
1891,110,-24,0,1,4,0.0,0.0,0,0,0,0
1892,110,-25,0,3,4,0.0,0.0,0,0,0,0
1893,110,-26,0,1,4,0.0,0.0,0,0,0,0
1894,110,-27,1,2,4,0.5,0.45,1,0,0,0
1895,110,-28,1,1,4,1.0,0.9,1,0,0,0
1896,110,-29,0,1,3,0.0,0.0,0,0,0,0
1897,110,-34,0,1,3,0.0,0.0,0,0,0,0
1898,115,28,2,2,451,1.0,2.0,0,0,0,2
1899,115,25,2,2,440,1.0,2.0,0,0,0,2
1900,115,24,1,1,446,1.0,2.0,0,0,0,1
1901,115,23,2,2,429,1.0,2.0,0,0,0,2
1902,115,22,2,2,394,1.0,2.0,0,0,0,2
1903,115,21,1,1,448,1.0,2.0,0,0,0,1
1904,115,20,2,2,414,1.0,1.625,0,1,0,1
1905,115,19,2,2,375,1.0,1.45,1,0,0,1
1906,115,18,2,2,378,1.0,1.625,0,1,0,1
1907,115,17,2,3,341,0.667,1.083,0,1,0,1
1908,115,16,3,4,336,0.75,1.125,0,2,0,1
1909,115,15,0,1,298,0.0,0.0,0,0,0,0
1910,115,14,1,3,353,0.333,0.417,0,1,0,0
1911,115,13,1,2,321,0.5,0.625,0,1,0,0
1912,115,12,6,7,281,0.857,1.021,1,5,0,0
1913,115,11,0,1,312,0.0,0.0,0,0,0,0
1914,115,10,5,5,240,1.0,0.9,5,0,0,0
1915,115,9,2,2,221,1.0,0.9,2,0,0,0
1916,115,8,2,2,211,1.0,1.075,1,1,0,0
1917,115,7,1,2,146,0.5,0.45,1,0,0,0
1918,115,6,2,4,166,0.5,0.45,2,0,0,0
1919,115,5,1,1,159,1.0,0.9,1,0,0,0
1920,115,4,0,1,99,0.0,0.0,0,0,0,0
1921,115,3,1,1,101,1.0,0.9,1,0,0,0
1922,115,2,0,1,75,0.0,0.0,0,0,0,0
1923,115,0,0,1,71,0.0,0.0,0,0,0,0
1924,115,-1,0,1,34,0.0,0.0,0,0,0,0
1925,115,-2,0,1,47,0.0,0.0,0,0,0,0
1926,115,-3,1,3,31,0.333,0.3,1,0,0,0
1927,115,-4,1,1,26,1.0,0.9,1,0,0,0
1928,115,-8,1,1,14,1.0,0.9,1,0,0,0
1929,115,-9,1,1,14,1.0,0.9,1,0,0,0
1930,115,-10,0,1,15,0.0,0.0,0,0,0,0
1931,115,-11,1,1,8,1.0,0.9,1,0,0,0
1932,120,20,1,1,447,1.0,2.0,0,0,0,1
1933,120,14,1,1,286,1.0,1.25,0,1,0,0
1934,120,7,2,2,172,1.0,0.9,2,0,0,0
1935,120,6,1,1,188,1.0,0.9,1,0,0,0
1936,120,4,1,1,162,1.0,0.9,1,0,0,0
1937,120,-4,0,1,28,0.0,0.0,0,0,0,0
1938,120,-13,0,1,12,0.0,0.0,0,0,0,0
