,Exit velo,rounded_la,BBE,Hits,1b,2b,3b,HR,Av dist,AVG
0,10,60.0,1,0,0,0,0,0,5.0,0.0
1,15,-90.0,1,0,0,0,0,0,0.0,0.0
2,15,-75.0,1,0,0,0,0,0,0.0,0.0
3,20,-35.0,1,0,0,0,0,0,3.0,0.0
4,20,50.0,1,0,0,0,0,0,25.0,0.0
5,20,65.0,1,0,0,0,0,0,17.0,0.0
6,25,-75.0,2,0,0,0,0,0,0.5,0.0
7,25,-60.0,1,0,0,0,0,0,1.0,0.0
8,25,-35.0,1,0,0,0,0,0,2.0,0.0
9,25,-20.0,1,0,0,0,0,0,6.0,0.0
10,25,-5.0,1,1,1,0,0,0,6.0,1.0
11,25,60.0,1,0,0,0,0,0,36.0,0.0
12,30,-80.0,1,0,0,0,0,0,0.0,0.0
13,30,-75.0,1,0,0,0,0,0,0.0,0.0
14,30,-65.0,1,0,0,0,0,0,1.0,0.0
15,30,-50.0,1,1,1,0,0,0,3.0,1.0
16,30,-45.0,1,0,0,0,0,0,2.0,0.0
17,30,-40.0,1,0,0,0,0,0,2.0,0.0
18,30,-35.0,1,1,1,0,0,0,3.0,1.0
19,30,-30.0,1,1,1,0,0,0,4.0,1.0
20,30,-15.0,1,0,0,0,0,0,8.0,0.0
21,30,35.0,2,1,1,0,0,0,58.5,0.5
22,30,40.0,1,0,0,0,0,0,52.0,0.0
23,35,-80.0,1,0,0,0,0,0,0.0,0.0
24,35,-75.0,2,1,1,0,0,0,0.5,0.5
25,35,-65.0,2,1,1,0,0,0,1.0,0.5
26,35,-60.0,2,1,1,0,0,0,1.0,0.5
27,35,-55.0,4,0,0,0,0,0,2.0,0.0
28,35,-45.0,2,0,0,0,0,0,3.0,0.0
29,35,-40.0,1,0,0,0,0,0,4.0,0.0
30,35,-35.0,1,0,0,0,0,0,3.0,0.0
31,35,-30.0,1,0,0,0,0,0,4.0,0.0
32,35,-20.0,1,1,1,0,0,0,6.0,1.0
33,35,-15.0,1,0,0,0,0,0,8.0,0.0
34,35,-10.0,1,0,0,0,0,0,12.0,0.0
35,35,-5.0,2,0,0,0,0,0,15.5,0.0
36,35,5.0,1,0,0,0,0,0,30.0,0.0
37,35,10.0,1,0,0,0,0,0,36.0,0.0
38,35,25.0,1,0,0,0,0,0,67.0,0.0
39,35,30.0,1,0,0,0,0,0,66.0,0.0
40,35,35.0,1,1,1,0,0,0,75.0,1.0
41,40,-90.0,1,0,0,0,0,0,0.0,0.0
42,40,-85.0,1,0,0,0,0,0,0.0,0.0
43,40,-80.0,2,1,1,0,0,0,0.5,0.5
44,40,-75.0,1,0,0,0,0,0,0.0,0.0
45,40,-70.0,1,0,0,0,0,0,0.0,0.0
46,40,-65.0,4,0,0,0,0,0,1.0,0.0
47,40,-60.0,2,1,1,0,0,0,1.0,0.5
48,40,-55.0,6,4,4,0,0,0,1.0,0.6666666666666666
49,40,-45.0,1,0,0,0,0,0,2.0,0.0
50,40,-40.0,5,1,1,0,0,0,2.3333333333333335,0.2
51,40,-35.0,2,0,0,0,0,0,4.0,0.0
52,40,-30.0,4,0,0,0,0,0,3.0,0.0
53,40,-25.0,2,1,1,0,0,0,3.0,0.5
54,40,-20.0,1,1,0,1,0,0,6.0,1.0
55,40,-15.0,1,1,1,0,0,0,6.0,1.0
56,40,-10.0,1,0,0,0,0,0,13.0,0.0
57,40,-5.0,3,0,0,0,0,0,18.666666666666668,0.0
58,40,0.0,1,1,1,0,0,0,20.0,1.0
59,40,5.0,3,0,0,0,0,0,31.666666666666668,0.0
60,40,10.0,1,0,0,0,0,0,39.0,0.0
61,40,15.0,2,0,0,0,0,0,54.0,0.0
62,40,20.0,2,1,1,0,0,0,66.5,0.5
63,40,25.0,1,1,1,0,0,0,80.0,1.0
64,40,30.0,1,0,0,0,0,0,93.0,0.0
65,40,35.0,1,0,0,0,0,0,89.0,0.0
66,40,45.0,3,0,0,0,0,0,93.0,0.0
67,40,50.0,1,1,1,0,0,0,88.0,1.0
68,40,65.0,1,1,1,0,0,0,54.0,1.0
69,40,70.0,1,0,0,0,0,0,57.0,0.0
70,40,75.0,1,0,0,0,0,0,36.0,0.0
71,45,-85.0,3,1,1,0,0,0,0.0,0.3333333333333333
72,45,-75.0,4,1,1,0,0,0,0.6666666666666666,0.25
73,45,-70.0,3,1,1,0,0,0,1.0,0.3333333333333333
74,45,-65.0,3,2,2,0,0,0,1.0,0.6666666666666666
75,45,-60.0,3,2,2,0,0,0,1.0,0.6666666666666666
76,45,-55.0,6,3,3,0,0,0,1.0,0.5
77,45,-50.0,4,0,0,0,0,0,2.3333333333333335,0.0
78,45,-45.0,3,0,0,0,0,0,2.3333333333333335,0.0
79,45,-40.0,5,2,2,0,0,0,2.5,0.4
80,45,-35.0,3,0,0,0,0,0,4.0,0.0
81,45,-30.0,1,0,0,0,0,0,3.0,0.0
82,45,-25.0,4,0,0,0,0,0,4.333333333333333,0.0
83,45,-20.0,7,3,3,0,0,0,7.5,0.42857142857142855
84,45,-15.0,3,0,0,0,0,0,7.333333333333333,0.0
85,45,-10.0,4,0,0,0,0,0,11.333333333333334,0.0
86,45,-5.0,3,1,1,0,0,0,17.0,0.3333333333333333
87,45,0.0,1,0,0,0,0,0,25.0,0.0
88,45,5.0,2,0,0,0,0,0,47.0,0.0
89,45,10.0,1,0,0,0,0,0,47.0,0.0
90,45,15.0,2,0,0,0,0,0,73.0,0.0
91,45,20.0,2,0,0,0,0,0,86.5,0.0
92,45,25.0,4,0,0,0,0,0,94.5,0.0
93,45,30.0,9,1,1,0,0,0,107.4,0.1111111111111111
94,45,35.0,3,0,0,0,0,0,113.0,0.0
95,45,40.0,3,0,0,0,0,0,112.33333333333333,0.0
96,45,45.0,1,0,0,0,0,0,112.0,0.0
97,45,50.0,2,0,0,0,0,0,108.5,0.0
98,45,55.0,2,0,0,0,0,0,98.0,0.0
99,45,60.0,1,0,0,0,0,0,78.0,0.0
100,45,70.0,3,0,0,0,0,0,61.333333333333336,0.0
101,45,75.0,1,0,0,0,0,0,43.0,0.0
102,50,-85.0,4,0,0,0,0,0,0.0,0.0
103,50,-80.0,3,0,0,0,0,0,0.3333333333333333,0.0
104,50,-75.0,9,2,2,0,0,0,1.0,0.2222222222222222
105,50,-70.0,10,0,0,0,0,0,1.0,0.0
106,50,-65.0,6,0,0,0,0,0,1.0,0.0
107,50,-60.0,5,3,3,0,0,0,1.0,0.6
108,50,-55.0,10,0,0,0,0,0,1.6,0.0
109,50,-50.0,11,2,2,0,0,0,2.0,0.18181818181818182
110,50,-45.0,5,0,0,0,0,0,2.6666666666666665,0.0
111,50,-40.0,8,3,3,0,0,0,2.4,0.375
112,50,-35.0,9,2,2,0,0,0,7.4,0.2222222222222222
113,50,-30.0,6,2,2,0,0,0,3.5,0.3333333333333333
114,50,-25.0,9,1,1,0,0,0,4.25,0.1111111111111111
115,50,-20.0,6,0,0,0,0,0,5.333333333333333,0.0
116,50,-15.0,9,1,1,0,0,0,9.0,0.1111111111111111
117,50,-10.0,2,0,0,0,0,0,13.0,0.0
118,50,-5.0,4,0,0,0,0,0,16.5,0.0
119,50,0.0,3,0,0,0,0,0,29.0,0.0
120,50,5.0,4,1,1,0,0,0,44.333333333333336,0.25
121,50,10.0,2,0,0,0,0,0,65.0,0.0
122,50,15.0,9,0,0,0,0,0,85.4,0.0
123,50,20.0,3,1,1,0,0,0,104.0,0.3333333333333333
124,50,25.0,6,1,1,0,0,0,121.5,0.16666666666666666
125,50,30.0,2,0,0,0,0,0,127.5,0.0
126,50,35.0,4,0,0,0,0,0,133.5,0.0
127,50,40.0,5,1,1,0,0,0,138.66666666666666,0.2
128,50,45.0,3,0,0,0,0,0,131.5,0.0
129,50,50.0,3,0,0,0,0,0,125.5,0.0
130,50,55.0,4,0,0,0,0,0,114.33333333333333,0.0
131,50,60.0,4,0,0,0,0,0,101.5,0.0
132,50,65.0,3,0,0,0,0,0,82.33333333333333,0.0
133,50,70.0,1,0,0,0,0,0,66.0,0.0
134,50,75.0,3,0,0,0,0,0,52.5,0.0
135,50,80.0,2,0,0,0,0,0,39.5,0.0
136,55,-85.0,5,0,0,0,0,0,0.0,0.0
137,55,-80.0,7,1,1,0,0,0,0.0,0.14285714285714285
138,55,-75.0,9,1,1,0,0,0,1.0,0.1111111111111111
139,55,-70.0,10,0,0,0,0,0,1.0,0.0
140,55,-65.0,19,5,5,0,0,0,1.0,0.2631578947368421
141,55,-60.0,19,4,4,0,0,0,1.2,0.21052631578947367
142,55,-55.0,14,3,3,0,0,0,1.6,0.21428571428571427
143,55,-50.0,18,4,4,0,0,0,2.0,0.2222222222222222
144,55,-45.0,15,3,3,0,0,0,2.2,0.2
145,55,-40.0,16,1,1,0,0,0,2.8,0.0625
146,55,-35.0,9,1,1,0,0,0,3.0,0.1111111111111111
147,55,-30.0,6,0,0,0,0,0,3.6666666666666665,0.0
148,55,-25.0,7,1,1,0,0,0,5.666666666666667,0.14285714285714285
149,55,-20.0,13,2,2,0,0,0,5.6,0.15384615384615385
150,55,-15.0,11,1,1,0,0,0,8.0,0.09090909090909091
151,55,-10.0,9,0,0,0,0,0,9.8,0.0
152,55,-5.0,13,3,0,3,0,0,19.0,0.23076923076923078
153,55,0.0,5,0,0,0,0,0,34.5,0.0
154,55,5.0,9,0,0,0,0,0,51.5,0.0
155,55,10.0,11,0,0,0,0,0,72.4,0.0
156,55,15.0,13,1,0,1,0,0,97.8,0.07692307692307693
157,55,20.0,19,3,3,0,0,0,125.0,0.15789473684210525
158,55,25.0,10,1,1,0,0,0,140.6,0.1
159,55,30.0,6,1,1,0,0,0,154.33333333333334,0.16666666666666666
160,55,35.0,16,4,3,1,0,0,158.8,0.25
161,55,40.0,7,2,1,1,0,0,154.0,0.2857142857142857
162,55,45.0,7,0,0,0,0,0,151.5,0.0
163,55,50.0,4,0,0,0,0,0,142.5,0.0
164,55,55.0,8,0,0,0,0,0,129.75,0.0
165,55,60.0,10,0,0,0,0,0,114.4,0.0
166,55,65.0,3,0,0,0,0,0,102.66666666666667,0.0
167,55,70.0,5,0,0,0,0,0,80.75,0.0
168,55,75.0,2,0,0,0,0,0,61.5,0.0
169,55,80.0,6,0,0,0,0,0,48.0,0.0
170,55,85.0,2,0,0,0,0,0,31.5,0.0
171,60,-85.0,3,0,0,0,0,0,0.0,0.0
172,60,-80.0,2,0,0,0,0,0,0.0,0.0
173,60,-75.0,8,3,3,0,0,0,0.75,0.375
174,60,-70.0,12,0,0,0,0,0,1.0,0.0
175,60,-65.0,15,3,3,0,0,0,1.0,0.2
176,60,-60.0,11,3,3,0,0,0,1.25,0.2727272727272727
177,60,-55.0,30,7,7,0,0,0,1.4,0.23333333333333334
178,60,-50.0,21,3,3,0,0,0,2.0,0.14285714285714285
179,60,-45.0,32,9,9,0,0,0,2.2,0.28125
180,60,-40.0,26,4,4,0,0,0,2.6,0.15384615384615385
181,60,-35.0,23,4,3,1,0,0,3.0,0.17391304347826086
182,60,-30.0,13,0,0,0,0,0,3.6,0.0
183,60,-25.0,28,1,0,1,0,0,4.6,0.03571428571428571
184,60,-20.0,26,1,1,0,0,0,6.8,0.038461538461538464
185,60,-15.0,17,2,2,0,0,0,8.2,0.11764705882352941
186,60,-10.0,15,1,1,0,0,0,12.0,0.06666666666666667
187,60,-5.0,16,3,3,0,0,0,19.0,0.1875
188,60,0.0,13,1,1,0,0,0,30.25,0.07692307692307693
189,60,5.0,15,2,2,0,0,0,55.4,0.13333333333333333
190,60,10.0,13,2,2,0,0,0,86.75,0.15384615384615385
191,60,15.0,17,4,3,1,0,0,114.8,0.23529411764705882
192,60,20.0,13,4,3,1,0,0,145.6,0.3076923076923077
193,60,25.0,13,6,5,1,0,0,161.2,0.46153846153846156
194,60,30.0,11,5,4,1,0,0,178.2,0.45454545454545453
195,60,35.0,15,1,1,0,0,0,180.0,0.06666666666666667
196,60,40.0,12,3,3,0,0,0,178.0,0.25
197,60,45.0,10,2,2,0,0,0,169.0,0.2
198,60,50.0,13,0,0,0,0,0,161.6,0.0
199,60,55.0,13,0,0,0,0,0,147.8,0.0
200,60,60.0,12,0,0,0,0,0,125.4,0.0
201,60,65.0,12,0,0,0,0,0,109.8,0.0
202,60,70.0,16,0,0,0,0,0,89.4,0.0
203,60,75.0,8,0,0,0,0,0,71.5,0.0
204,60,80.0,9,0,0,0,0,0,49.6,0.0
205,60,85.0,4,0,0,0,0,0,29.666666666666668,0.0
206,65,-80.0,1,0,0,0,0,0,0.0,0.0
207,65,-75.0,4,1,1,0,0,0,0.3333333333333333,0.25
208,65,-70.0,4,1,1,0,0,0,0.6666666666666666,0.25
209,65,-65.0,15,3,3,0,0,0,1.0,0.2
210,65,-60.0,18,5,5,0,0,0,1.2,0.2777777777777778
211,65,-55.0,28,9,9,0,0,0,2.0,0.32142857142857145
212,65,-50.0,15,2,2,0,0,0,2.2,0.13333333333333333
213,65,-45.0,24,8,8,0,0,0,2.2,0.3333333333333333
214,65,-40.0,34,4,4,0,0,0,2.6,0.11764705882352941
215,65,-35.0,37,2,2,0,0,0,2.8,0.05405405405405406
216,65,-30.0,39,4,4,0,0,0,3.4,0.10256410256410256
217,65,-25.0,38,3,3,0,0,0,4.8,0.07894736842105263
218,65,-20.0,36,1,1,0,0,0,5.6,0.027777777777777776
219,65,-15.0,34,0,0,0,0,0,7.6,0.0
220,65,-10.0,38,2,2,0,0,0,10.5,0.05263157894736842
221,65,-5.0,31,2,2,0,0,0,17.8,0.06451612903225806
222,65,0.0,34,4,3,1,0,0,33.2,0.11764705882352941
223,65,5.0,42,9,8,1,0,0,61.2,0.21428571428571427
224,65,10.0,29,6,6,0,0,0,96.8,0.20689655172413793
225,65,15.0,28,8,5,3,0,0,131.6,0.2857142857142857
226,65,20.0,30,17,15,2,0,0,165.6,0.5666666666666667
227,65,25.0,35,30,30,0,0,0,187.8,0.8571428571428571
228,65,30.0,32,31,30,1,0,0,205.8,0.96875
229,65,35.0,34,28,22,6,0,0,203.8,0.8235294117647058
230,65,40.0,24,13,12,1,0,0,199.4,0.5416666666666666
231,65,45.0,21,3,2,1,0,0,191.6,0.14285714285714285
232,65,50.0,16,4,4,0,0,0,181.2,0.25
233,65,55.0,16,0,0,0,0,0,163.0,0.0
234,65,60.0,18,0,0,0,0,0,138.8,0.0
235,65,65.0,27,0,0,0,0,0,117.2,0.0
236,65,70.0,13,0,0,0,0,0,94.8,0.0
237,65,75.0,16,0,0,0,0,0,72.2,0.0
238,65,80.0,16,0,0,0,0,0,53.4,0.0
239,65,85.0,4,0,0,0,0,0,33.5,0.0
240,70,-80.0,1,1,1,0,0,0,0.0,1.0
241,70,-75.0,3,1,1,0,0,0,0.6666666666666666,0.3333333333333333
242,70,-70.0,4,2,2,0,0,0,1.0,0.5
243,70,-65.0,5,1,1,0,0,0,1.0,0.2
244,70,-60.0,10,0,0,0,0,0,1.25,0.0
245,70,-55.0,20,8,8,0,0,0,1.6,0.4
246,70,-50.0,30,5,5,0,0,0,2.0,0.16666666666666666
247,70,-45.0,32,4,4,0,0,0,2.0,0.125
248,70,-40.0,30,4,4,0,0,0,2.8,0.13333333333333333
249,70,-35.0,30,2,2,0,0,0,2.8,0.06666666666666667
250,70,-30.0,39,1,1,0,0,0,3.4,0.02564102564102564
251,70,-25.0,34,1,1,0,0,0,4.4,0.029411764705882353
252,70,-20.0,50,3,3,0,0,0,6.0,0.06
253,70,-15.0,54,2,2,0,0,0,7.6,0.037037037037037035
254,70,-10.0,78,3,3,0,0,0,11.4,0.038461538461538464
255,70,-5.0,77,4,4,0,0,0,18.0,0.05194805194805195
256,70,0.0,62,5,4,1,0,0,33.6,0.08064516129032258
257,70,5.0,52,5,5,0,0,0,64.0,0.09615384615384616
258,70,10.0,58,9,8,1,0,0,105.4,0.15517241379310345
259,70,15.0,66,33,28,5,0,0,147.8,0.5
260,70,20.0,51,42,41,1,0,0,186.6,0.8235294117647058
261,70,25.0,64,63,60,3,0,0,215.0,0.984375
262,70,30.0,47,41,41,0,0,0,230.4,0.8723404255319149
263,70,35.0,40,35,33,2,0,0,229.4,0.875
264,70,40.0,39,21,17,4,0,0,221.0,0.5384615384615384
265,70,45.0,39,13,9,4,0,0,211.8,0.3333333333333333
266,70,50.0,31,5,4,1,0,0,194.8,0.16129032258064516
267,70,55.0,25,3,1,2,0,0,181.2,0.12
268,70,60.0,27,1,1,0,0,0,155.0,0.037037037037037035
269,70,65.0,42,0,0,0,0,0,133.2,0.0
270,70,70.0,25,0,0,0,0,0,104.2,0.0
271,70,75.0,24,0,0,0,0,0,67.2,0.0
272,70,80.0,26,0,0,0,0,0,49.2,0.0
273,70,85.0,9,0,0,0,0,0,44.666666666666664,0.0
274,70,90.0,2,0,0,0,0,0,29.0,0.0
275,75,-75.0,2,1,1,0,0,0,1.0,0.5
276,75,-70.0,1,1,1,0,0,0,0.0,1.0
277,75,-65.0,12,5,5,0,0,0,1.0,0.4166666666666667
278,75,-60.0,7,1,1,0,0,0,1.6666666666666667,0.14285714285714285
279,75,-55.0,13,5,5,0,0,0,1.8,0.38461538461538464
280,75,-50.0,21,8,8,0,0,0,1.8,0.38095238095238093
281,75,-45.0,36,9,9,0,0,0,2.2,0.25
282,75,-40.0,41,4,4,0,0,0,2.8,0.0975609756097561
283,75,-35.0,48,0,0,0,0,0,3.0,0.0
284,75,-30.0,43,0,0,0,0,0,4.0,0.0
285,75,-25.0,54,1,1,0,0,0,5.0,0.018518518518518517
286,75,-20.0,62,2,2,0,0,0,5.6,0.03225806451612903
287,75,-15.0,67,4,3,1,0,0,7.8,0.05970149253731343
288,75,-10.0,77,6,5,1,0,0,10.8,0.07792207792207792
289,75,-5.0,81,11,11,0,0,0,19.2,0.13580246913580246
290,75,0.0,109,17,15,1,1,0,36.8,0.1559633027522936
291,75,5.0,97,16,15,1,0,0,69.6,0.16494845360824742
292,75,10.0,97,32,29,3,0,0,118.2,0.32989690721649484
293,75,15.0,86,61,58,3,0,0,168.0,0.7093023255813954
294,75,20.0,84,82,76,6,0,0,211.6,0.9761904761904762
295,75,25.0,80,62,58,4,0,0,242.6,0.775
296,75,30.0,103,35,30,3,2,0,256.0,0.33980582524271846
297,75,35.0,71,10,8,2,0,0,258.0,0.14084507042253522
298,75,40.0,78,12,11,1,0,0,246.8,0.15384615384615385
299,75,45.0,37,12,9,3,0,0,229.2,0.32432432432432434
300,75,50.0,45,4,2,2,0,0,214.6,0.08888888888888889
301,75,55.0,45,4,4,0,0,0,192.6,0.08888888888888889
302,75,60.0,49,0,0,0,0,0,164.6,0.0
303,75,65.0,37,0,0,0,0,0,138.0,0.0
304,75,70.0,38,0,0,0,0,0,107.6,0.0
305,75,75.0,35,0,0,0,0,0,79.4,0.0
306,75,80.0,28,1,1,0,0,0,45.6,0.03571428571428571
307,75,85.0,15,0,0,0,0,0,30.6,0.0
308,75,90.0,2,0,0,0,0,0,45.0,0.0
309,80,-70.0,3,1,1,0,0,0,1.0,0.3333333333333333
310,80,-65.0,3,2,2,0,0,0,1.0,0.6666666666666666
311,80,-60.0,10,1,1,0,0,0,1.2,0.1
312,80,-55.0,9,1,1,0,0,0,1.0,0.1111111111111111
313,80,-50.0,20,5,5,0,0,0,2.0,0.25
314,80,-45.0,23,4,4,0,0,0,2.2,0.17391304347826086
315,80,-40.0,34,2,2,0,0,0,2.8,0.058823529411764705
316,80,-35.0,37,1,1,0,0,0,3.0,0.02702702702702703
317,80,-30.0,59,3,3,0,0,0,3.4,0.05084745762711865
318,80,-25.0,53,3,3,0,0,0,4.6,0.05660377358490566
319,80,-20.0,75,5,5,0,0,0,6.0,0.06666666666666667
320,80,-15.0,89,5,5,0,0,0,8.0,0.056179775280898875
321,80,-10.0,76,4,4,0,0,0,12.0,0.05263157894736842
322,80,-5.0,81,7,6,1,0,0,18.8,0.08641975308641975
323,80,0.0,119,19,17,2,0,0,39.2,0.15966386554621848
324,80,5.0,137,33,27,6,0,0,78.0,0.24087591240875914
325,80,10.0,112,50,44,6,0,0,133.0,0.44642857142857145
326,80,15.0,109,91,82,9,0,0,184.4,0.8348623853211009
327,80,20.0,126,111,99,11,1,0,235.2,0.8809523809523809
328,80,25.0,146,63,48,15,0,0,265.6,0.4315068493150685
329,80,30.0,93,4,0,4,0,0,280.2,0.043010752688172046
330,80,35.0,96,1,0,1,0,0,280.0,0.010416666666666666
331,80,40.0,94,1,1,0,0,0,267.2,0.010638297872340425
332,80,45.0,70,1,0,1,0,0,250.0,0.014285714285714285
333,80,50.0,80,5,3,2,0,0,231.2,0.0625
334,80,55.0,61,1,1,0,0,0,206.2,0.01639344262295082
335,80,60.0,54,1,0,1,0,0,176.8,0.018518518518518517
336,80,65.0,65,0,0,0,0,0,143.6,0.0
337,80,70.0,63,0,0,0,0,0,115.2,0.0
338,80,75.0,36,0,0,0,0,0,81.6,0.0
339,80,80.0,33,0,0,0,0,0,47.2,0.0
340,80,85.0,19,0,0,0,0,0,37.75,0.0
341,80,90.0,1,0,0,0,0,0,75.0,0.0
342,85,-60.0,8,2,2,0,0,0,1.0,0.25
343,85,-55.0,9,3,3,0,0,0,1.6,0.3333333333333333
344,85,-50.0,21,3,3,0,0,0,2.2,0.14285714285714285
345,85,-45.0,14,1,1,0,0,0,2.4,0.07142857142857142
346,85,-40.0,35,1,1,0,0,0,2.6,0.02857142857142857
347,85,-35.0,50,5,5,0,0,0,3.0,0.1
348,85,-30.0,59,5,4,1,0,0,4.2,0.0847457627118644
349,85,-25.0,91,4,4,0,0,0,4.8,0.04395604395604396
350,85,-20.0,117,9,9,0,0,0,6.0,0.07692307692307693
351,85,-15.0,91,4,2,2,0,0,8.4,0.04395604395604396
352,85,-10.0,124,10,8,2,0,0,12.4,0.08064516129032258
353,85,-5.0,126,14,13,1,0,0,20.2,0.1111111111111111
354,85,0.0,121,24,21,3,0,0,43.8,0.19834710743801653
355,85,5.0,139,52,46,6,0,0,86.6,0.37410071942446044
356,85,10.0,158,89,79,10,0,0,147.2,0.5632911392405063
357,85,15.0,134,125,101,22,2,0,208.8,0.9328358208955224
358,85,20.0,156,110,93,15,2,0,258.8,0.7051282051282052
359,85,25.0,132,21,9,11,1,0,288.6,0.1590909090909091
360,85,30.0,153,4,1,3,0,0,305.4,0.026143790849673203
361,85,35.0,148,4,0,3,1,0,301.6,0.02702702702702703
362,85,40.0,139,3,0,1,2,0,286.2,0.02158273381294964
363,85,45.0,121,2,0,1,1,0,267.2,0.01652892561983471
364,85,50.0,94,1,1,0,0,0,244.0,0.010638297872340425
365,85,55.0,110,1,0,1,0,0,215.6,0.00909090909090909
366,85,60.0,99,1,1,0,0,0,187.4,0.010101010101010102
367,85,65.0,86,0,0,0,0,0,152.6,0.0
368,85,70.0,91,2,1,0,1,0,118.8,0.02197802197802198
369,85,75.0,68,0,0,0,0,0,83.8,0.0
370,85,80.0,26,0,0,0,0,0,40.8,0.0
371,85,85.0,10,0,0,0,0,0,31.25,0.0
372,85,90.0,1,0,0,0,0,0,55.0,0.0
373,90,-60.0,1,0,0,0,0,0,1.0,0.0
374,90,-55.0,4,1,1,0,0,0,1.75,0.25
375,90,-50.0,2,0,0,0,0,0,2.0,0.0
376,90,-45.0,6,0,0,0,0,0,2.6666666666666665,0.0
377,90,-40.0,19,1,1,0,0,0,2.8,0.05263157894736842
378,90,-35.0,41,2,1,1,0,0,3.2,0.04878048780487805
379,90,-30.0,65,2,1,1,0,0,3.8,0.03076923076923077
380,90,-25.0,93,9,7,2,0,0,4.8,0.0967741935483871
381,90,-20.0,107,9,6,3,0,0,6.6,0.08411214953271028
382,90,-15.0,136,20,19,1,0,0,8.8,0.14705882352941177
383,90,-10.0,167,19,15,4,0,0,12.0,0.11377245508982035
384,90,-5.0,186,40,37,3,0,0,21.2,0.21505376344086022
385,90,0.0,173,49,44,4,1,0,44.2,0.2832369942196532
386,90,5.0,183,81,70,10,1,0,92.4,0.4426229508196721
387,90,10.0,194,115,102,12,1,0,160.6,0.5927835051546392
388,90,15.0,233,220,183,35,2,0,228.4,0.944206008583691
389,90,20.0,216,69,46,22,1,0,285.0,0.3194444444444444
390,90,25.0,226,27,2,20,5,0,318.6,0.11946902654867257
391,90,30.0,209,9,2,6,0,1,327.0,0.0430622009569378
392,90,35.0,195,4,0,2,0,2,321.0,0.020512820512820513
393,90,40.0,191,4,0,2,0,2,305.0,0.020942408376963352
394,90,45.0,163,1,0,1,0,0,285.6,0.006134969325153374
395,90,50.0,135,1,1,0,0,0,260.4,0.007407407407407408
396,90,55.0,108,0,0,0,0,0,229.0,0.0
397,90,60.0,92,1,0,1,0,0,194.8,0.010869565217391304
398,90,65.0,67,0,0,0,0,0,160.2,0.0
399,90,70.0,49,0,0,0,0,0,118.8,0.0
400,90,75.0,50,0,0,0,0,0,75.8,0.0
401,90,80.0,20,2,1,1,0,0,54.4,0.1
402,90,85.0,4,0,0,0,0,0,27.0,0.0
403,95,-55.0,1,1,1,0,0,0,2.0,1.0
404,95,-50.0,2,0,0,0,0,0,2.0,0.0
405,95,-45.0,7,1,1,0,0,0,2.0,0.14285714285714285
406,95,-40.0,9,0,0,0,0,0,2.4,0.0
407,95,-35.0,9,0,0,0,0,0,3.3333333333333335,0.0
408,95,-30.0,47,3,3,0,0,0,3.8,0.06382978723404255
409,95,-25.0,87,15,11,3,1,0,4.8,0.1724137931034483
410,95,-20.0,132,19,15,4,0,0,6.2,0.14393939393939395
411,95,-15.0,186,33,29,4,0,0,8.4,0.1774193548387097
412,95,-10.0,210,37,35,2,0,0,12.0,0.1761904761904762
413,95,-5.0,214,64,56,7,1,0,21.6,0.29906542056074764
414,95,0.0,238,82,72,9,1,0,48.0,0.3445378151260504
415,95,5.0,280,157,131,24,2,0,100.4,0.5607142857142857
416,95,10.0,269,200,177,22,1,0,177.8,0.7434944237918215
417,95,15.0,262,193,159,27,7,0,252.0,0.7366412213740458
418,95,20.0,327,96,42,48,6,0,309.6,0.29357798165137616
419,95,25.0,305,63,6,45,6,6,342.6,0.20655737704918034
420,95,30.0,329,42,0,21,4,17,353.0,0.1276595744680851
421,95,35.0,273,23,0,5,1,17,345.6,0.08424908424908426
422,95,40.0,226,5,0,0,0,5,326.2,0.022123893805309734
423,95,45.0,136,2,0,1,0,1,300.4,0.014705882352941176
424,95,50.0,124,0,0,0,0,0,273.8,0.0
425,95,55.0,99,0,0,0,0,0,237.4,0.0
426,95,60.0,72,2,1,1,0,0,206.4,0.027777777777777776
427,95,65.0,33,0,0,0,0,0,166.4,0.0
428,95,70.0,25,0,0,0,0,0,119.4,0.0
429,95,75.0,20,1,1,0,0,0,71.2,0.05
430,95,80.0,1,0,0,0,0,0,26.0,0.0
431,95,85.0,1,0,0,0,0,0,48.0,0.0
432,100,-50.0,1,0,0,0,0,0,2.0,0.0
433,100,-45.0,1,0,0,0,0,0,2.0,0.0
434,100,-40.0,3,0,0,0,0,0,2.3333333333333335,0.0
435,100,-35.0,10,2,2,0,0,0,3.0,0.2
436,100,-30.0,26,2,2,0,0,0,3.75,0.07692307692307693
437,100,-25.0,55,8,7,1,0,0,4.4,0.14545454545454545
438,100,-20.0,110,22,21,1,0,0,5.8,0.2
439,100,-15.0,157,32,32,0,0,0,8.0,0.20382165605095542
440,100,-10.0,250,64,59,5,0,0,12.2,0.256
441,100,-5.0,268,76,71,5,0,0,22.4,0.2835820895522388
442,100,0.0,324,138,122,12,4,0,49.4,0.42592592592592593
443,100,5.0,400,229,195,32,2,0,107.8,0.5725
444,100,10.0,328,267,223,39,5,0,189.2,0.8140243902439024
445,100,15.0,382,259,170,83,6,0,275.0,0.6780104712041884
446,100,20.0,371,129,17,99,9,4,336.0,0.3477088948787062
447,100,25.0,313,149,4,76,6,63,372.0,0.476038338658147
448,100,30.0,323,162,3,37,8,114,377.8,0.5015479876160991
449,100,35.0,238,68,0,4,1,63,369.8,0.2857142857142857
450,100,40.0,158,18,0,3,0,15,345.8,0.11392405063291139
451,100,45.0,96,5,0,1,0,4,317.6,0.052083333333333336
452,100,50.0,48,0,0,0,0,0,287.6,0.0
453,100,55.0,32,0,0,0,0,0,259.4,0.0
454,100,60.0,22,0,0,0,0,0,217.2,0.0
455,100,65.0,8,0,0,0,0,0,157.0,0.0
456,100,70.0,6,0,0,0,0,0,116.33333333333333,0.0
457,100,75.0,2,0,0,0,0,0,79.0,0.0
458,105,-40.0,2,1,1,0,0,0,2.0,0.5
459,105,-35.0,5,1,1,0,0,0,3.0,0.2
460,105,-30.0,8,1,1,0,0,0,4.0,0.125
461,105,-25.0,41,10,10,0,0,0,4.2,0.24390243902439024
462,105,-20.0,47,9,9,0,0,0,5.4,0.19148936170212766
463,105,-15.0,64,14,14,0,0,0,8.0,0.21875
464,105,-10.0,138,52,49,3,0,0,11.8,0.37681159420289856
465,105,-5.0,203,79,73,6,0,0,22.4,0.3891625615763547
466,105,0.0,285,150,141,9,0,0,51.8,0.5263157894736842
467,105,5.0,340,189,166,23,0,0,114.6,0.5558823529411765
468,105,10.0,335,284,227,54,3,0,203.0,0.8477611940298507
469,105,15.0,372,261,128,121,12,0,290.2,0.7016129032258065
470,105,20.0,306,200,14,121,12,53,361.0,0.6535947712418301
471,105,25.0,281,245,1,37,6,201,398.8,0.8718861209964412
472,105,30.0,203,166,1,6,1,158,404.2,0.8177339901477833
473,105,35.0,105,76,0,3,2,71,396.6,0.7238095238095238
474,105,40.0,71,36,0,1,0,35,368.8,0.5070422535211268
475,105,45.0,37,4,0,1,0,3,331.8,0.10810810810810811
476,105,50.0,14,1,0,1,0,0,285.4,0.07142857142857142
477,105,55.0,5,1,0,1,0,0,259.25,0.2
478,105,60.0,1,0,0,0,0,0,235.0,0.0
479,105,65.0,1,0,0,0,0,0,178.0,0.0
480,105,70.0,1,0,0,0,0,0,101.0,0.0
481,110,-35.0,1,0,0,0,0,0,3.0,0.0
482,110,-30.0,2,1,1,0,0,0,3.5,0.5
483,110,-25.0,9,1,1,0,0,0,4.2,0.1111111111111111
484,110,-20.0,12,1,1,0,0,0,6.25,0.08333333333333333
485,110,-15.0,20,5,5,0,0,0,7.6,0.25
486,110,-10.0,24,10,9,0,1,0,12.2,0.4166666666666667
487,110,-5.0,56,25,25,0,0,0,21.2,0.44642857142857145
488,110,0.0,79,42,40,2,0,0,52.0,0.5316455696202531
489,110,5.0,135,95,82,13,0,0,122.0,0.7037037037037037
490,110,10.0,132,113,80,31,2,0,216.2,0.8560606060606061
491,110,15.0,123,89,19,62,7,1,313.8,0.7235772357723578
492,110,20.0,127,108,5,49,1,53,378.4,0.8503937007874016
493,110,25.0,86,85,1,3,0,81,422.0,0.9883720930232558
494,110,30.0,45,44,0,0,0,44,428.4,0.9777777777777777
495,110,35.0,27,25,0,0,0,25,417.2,0.9259259259259259
496,110,40.0,6,5,0,0,0,5,394.0,0.8333333333333334
497,110,45.0,3,1,0,0,0,1,362.0,0.3333333333333333
498,110,65.0,1,0,0,0,0,0,146.0,0.0
499,115,-10.0,4,3,3,0,0,0,12.75,0.75
500,115,-5.0,4,2,2,0,0,0,28.5,0.5
501,115,0.0,4,0,0,0,0,0,56.75,0.0
502,115,5.0,9,5,5,0,0,0,134.2,0.5555555555555556
503,115,10.0,17,15,9,6,0,0,253.0,0.8823529411764706
504,115,15.0,13,7,0,5,0,2,329.8,0.5384615384615384
505,115,20.0,9,9,1,2,0,6,401.8,1.0
506,115,25.0,5,5,0,0,0,5,438.3333333333333,1.0
507,115,30.0,2,2,0,0,0,2,451.0,1.0
508,120,-15.0,1,0,0,0,0,0,12.0,0.0
509,120,-5.0,1,0,0,0,0,0,28.0,0.0
510,120,5.0,4,4,4,0,0,0,174.0,1.0
511,120,15.0,1,1,0,1,0,0,286.0,1.0
512,120,20.0,1,1,0,0,0,1,447.0,1.0
